type	index	lengthScale	toneMix	filterLo	filterHi	resonance	envShape	pitchInterval	detune	motionRate	panSpeed	wet	metal
Riser	1	1.0000	0.4418	0.6515	4.6571	0.3721	2.0885	0.0000	0.8240	0.7297	0.8865	0.0419	0.1015
Riser	2	1.0000	0.5396	1.4233	3.5335	0.8387	2.8541	0.0000	0.8172	6.5830	0.4721	0.1456	0.0109
Riser	3	1.0000	0.6392	1.3653	4.2388	0.5954	1.9505	0.0000	0.7612	6.8696	0.4437	0.1015	0.0354
Riser	4	1.0000	0.8590	1.4428	4.5924	0.8072	1.4639	0.0000	0.6661	5.0907	0.8795	0.1117	0.0509
Riser	5	1.0000	0.3704	1.0115	4.4988	0.6322	1.9301	0.0000	0.3239	0.9695	0.6332	0.1069	0.0188
Riser	6	1.0000	0.7845	0.9763	4.2296	0.5981	1.5859	0.0000	0.8658	4.6525	0.5785	0.1447	0.0201
Riser	7	1.0000	0.7642	1.4558	4.3366	0.2665	2.1819	0.0000	0.5659	5.5076	0.2595	0.0028	0.2683
Riser	8	1.0000	0.4007	0.8559	3.9760	0.2436	2.8200	12.0000	0.6096	2.2798	0.3689	0.1309	0.0751
Riser	9	1.0000	0.8108	1.2294	3.5107	0.6928	1.9284	0.0000	0.2379	7.0236	0.3128	0.0859	0.1207
Riser	10	1.0000	0.5951	1.1479	3.9767	0.6774	1.7071	0.0000	0.6559	3.4951	0.6923	0.1168	0.0646
Riser	11	1.0000	0.5581	0.5723	4.7251	0.2481	2.8709	5.0000	0.3117	2.2102	0.3362	0.0856	0.1633
Riser	12	1.0000	0.8059	0.5568	4.2148	0.8162	2.7782	0.0000	0.6756	7.2608	0.3738	0.0838	0.1055
Riser	13	1.0000	0.4674	1.4071	3.5985	0.2605	1.2498	5.0000	0.4881	2.8468	0.2085	0.1980	0.0160
Riser	14	1.0000	0.2647	0.6678	3.8263	0.2738	1.8185	12.0000	0.1179	1.4637	0.4111	0.0646	0.0269
Riser	15	1.0000	0.5967	0.9128	4.3351	0.4399	2.1002	7.0000	0.9487	3.8584	0.8890	0.1112	0.2228
Riser	16	1.0000	0.2984	0.4909	4.0439	0.7927	2.9701	7.0000	0.1286	6.2088	0.2487	0.0151	0.1053
Riser	17	1.0000	0.4676	1.1402	4.6197	0.6457	2.7095	5.0000	0.6420	4.9522	0.6968	0.1373	0.0447
Riser	18	1.0000	0.4321	1.0233	3.7322	0.5119	1.8693	0.0000	0.9475	2.0210	0.7615	0.0161	0.2332
Riser	19	1.0000	0.6703	0.3512	3.7859	0.5455	2.4883	0.0000	0.1868	0.7516	0.3556	0.0285	0.0172
Riser	20	1.0000	0.8510	0.5389	3.9627	0.7802	1.5990	5.0000	0.6798	4.1936	0.4660	0.0490	0.1293
Riser	21	1.0000	0.3994	1.2164	4.2140	0.5101	2.0618	5.0000	0.2072	1.6497	0.4597	0.0813	0.0139
Riser	22	1.0000	0.7643	1.2282	4.0957	0.7923	1.3456	5.0000	0.7092	5.1220	0.7454	0.0434	0.0153
Riser	23	1.0000	0.3445	0.9086	3.8673	0.6547	1.5628	5.0000	0.9283	5.8126	0.4324	0.0186	0.1483
Riser	24	1.0000	0.2671	1.0620	3.8688	0.4916	2.9966	0.0000	0.7198	6.1584	0.5534	0.1490	0.0012
Riser	25	1.0000	0.3745	0.7178	4.6689	0.5807	1.5464	0.0000	0.1665	7.3537	0.5732	0.1559	0.0978
Riser	26	1.0000	0.2444	0.8902	4.9131	0.4997	2.4056	12.0000	0.5320	6.9920	0.8211	0.0377	0.0030
Riser	27	1.0000	0.6801	0.9639	4.5407	0.2646	2.9009	7.0000	0.5887	5.8245	0.3388	0.1584	0.0762
Riser	28	1.0000	0.8751	1.1005	4.0228	0.7517	1.7278	0.0000	0.5551	3.1581	0.6869	0.1934	0.1305
Riser	29	1.0000	0.7088	0.8010	4.4414	0.7891	2.9472	5.0000	0.7109	4.9510	0.8306	0.1033	0.1639
Riser	30	1.0000	0.4525	0.7252	3.4052	0.6212	2.7296	5.0000	0.6517	2.1834	0.6956	0.1356	0.0031
Riser	31	1.0000	0.5536	0.8862	4.1752	0.2506	1.8277	5.0000	0.4710	4.0216	0.5032	0.0349	0.2306
Riser	32	1.0000	0.6473	0.4370	4.3080	0.7794	2.9029	0.0000	0.3615	0.5292	0.8913	0.1200	0.0971
Riser	33	1.0000	0.8049	1.2776	3.5145	0.6881	1.6675	7.0000	0.1851	4.1599	0.3271	0.0522	0.2476
Riser	34	1.0000	0.3664	1.0722	4.8448	0.4242	1.3880	12.0000	0.5290	0.8133	0.9561	0.0481	0.1345
Riser	35	1.0000	0.7081	1.4805	4.1932	0.6615	2.0754	12.0000	0.2435	2.9861	0.7403	0.1058	0.0958
Riser	36	1.0000	0.3113	1.1833	4.0873	0.4816	1.2352	0.0000	0.9105	3.9799	0.2221	0.0838	0.0791
Riser	37	1.0000	0.5957	1.3306	4.1676	0.4545	1.7244	0.0000	0.4308	3.8056	0.5049	0.0287	0.0613
Riser	38	1.0000	0.6065	0.8185	4.8661	0.3721	1.9445	0.0000	0.7180	7.2925	0.8050	0.0611	0.0388
Riser	39	1.0000	0.7271	1.0693	3.6565	0.6295	1.2150	5.0000	0.6773	2.9790	0.2802	0.0054	0.0077
Riser	40	1.0000	0.2055	1.4533	4.6576	0.6372	2.0276	5.0000	0.2326	2.7490	0.3303	0.1422	0.1766
Riser	41	1.0000	0.6293	1.2598	4.9693	0.4346	2.5414	0.0000	0.9305	3.5159	0.9882	0.0381	0.2254
Riser	42	1.0000	0.7079	0.7541	4.5312	0.7647	1.9369	7.0000	0.4559	4.0622	0.7891	0.0593	0.2478
Riser	43	1.0000	0.8272	1.2326	4.1019	0.8942	1.5656	0.0000	0.3399	1.4188	0.4667	0.0177	0.1019
Riser	44	1.0000	0.3616	1.1761	4.2132	0.2531	1.4910	5.0000	0.6753	6.5918	0.2321	0.1983	0.0008
Riser	45	1.0000	0.2193	0.6615	4.7379	0.5656	2.1430	7.0000	0.3215	5.9527	0.7415	0.1956	0.1594
Riser	46	1.0000	0.3765	0.7836	4.9666	0.6061	2.4033	5.0000	0.8165	3.0404	0.9675	0.1338	0.0075
Riser	47	1.0000	0.5238	1.1952	3.9840	0.7094	1.6731	0.0000	0.6721	4.5388	0.6344	0.1447	0.0005
Riser	48	1.0000	0.7599	1.0227	4.1241	0.8206	1.2089	7.0000	0.9177	6.1668	0.3171	0.0769	0.0778
Riser	49	1.0000	0.5807	1.2460	4.6487	0.8939	2.2916	5.0000	0.6401	2.7619	0.2862	0.0832	0.1488
Riser	50	1.0000	0.6360	1.1744	4.9995	0.7827	2.0000	7.0000	0.1302	3.0540	0.2701	0.1256	0.0018
Riser	51	1.0000	0.7108	0.7079	4.1616	0.6443	2.4302	0.0000	0.4724	6.0993	0.8614	0.1745	0.1491
Riser	52	1.0000	0.6895	0.7637	3.5256	0.3162	2.8439	12.0000	0.9604	3.3906	0.4570	0.1404	0.2065
Riser	53	1.0000	0.2609	1.4620	4.2590	0.4474	1.6856	12.0000	0.6350	3.9879	0.9134	0.0024	0.2965
Riser	54	1.0000	0.8305	0.6593	4.0753	0.3990	1.6560	5.0000	0.6875	4.2868	0.3982	0.0343	0.2431
Riser	55	1.0000	0.6284	1.2831	4.3419	0.4372	1.7990	0.0000	0.1113	5.1682	0.5311	0.0593	0.0139
Riser	56	1.0000	0.5044	1.0728	4.6072	0.5193	2.9656	7.0000	0.1983	6.0934	0.5191	0.1817	0.2310
Riser	57	1.0000	0.4986	0.8695	4.7509	0.7775	2.4384	5.0000	0.7297	5.6279	0.6181	0.0754	0.0061
Riser	58	1.0000	0.7107	1.1905	4.7195	0.3582	1.9683	0.0000	0.2289	3.2549	0.4348	0.0910	0.1996
Riser	59	1.0000	0.5422	0.6009	3.9833	0.3154	2.0965	0.0000	0.7992	1.1543	0.4781	0.0392	0.1169
Riser	60	1.0000	0.8353	1.3197	4.1157	0.5767	2.6903	0.0000	0.6128	4.1900	0.3935	0.0316	0.0867
Riser	61	1.0000	0.2206	1.0839	4.7615	0.5076	2.5904	0.0000	0.4281	2.9291	0.6052	0.1475	0.0017
Riser	62	1.0000	0.3326	0.3604	4.7030	0.4713	1.5942	5.0000	0.8071	4.2463	0.8879	0.1915	0.0067
Riser	63	1.0000	0.4117	0.6918	4.4216	0.3064	1.4093	5.0000	0.1531	6.2557	0.4436	0.1224	0.0022
Riser	64	1.0000	0.8846	0.9397	4.0136	0.8900	2.2076	0.0000	0.9435	4.1272	0.6299	0.0520	0.0346
Riser	65	1.0000	0.2449	0.3344	4.1667	0.4255	1.5679	12.0000	0.1685	4.7338	0.5838	0.1709	0.1322
Riser	66	1.0000	0.2899	1.4473	4.4720	0.6434	2.9465	7.0000	0.7159	3.7625	0.8695	0.0820	0.0385
Riser	67	1.0000	0.5604	0.4131	4.4655	0.8374	2.7659	0.0000	0.3976	6.7003	0.7494	0.0180	0.2143
Riser	68	1.0000	0.5716	1.2837	4.7360	0.3490	2.8096	0.0000	0.6201	5.1656	0.6808	0.0884	0.2945
Riser	69	1.0000	0.6297	0.5128	4.2854	0.2273	1.9011	0.0000	0.9476	4.8817	0.7040	0.0343	0.1730
Riser	70	1.0000	0.2942	0.7665	4.0345	0.2734	1.7295	0.0000	0.6464	5.2324	0.3592	0.1322	0.2819
Riser	71	1.0000	0.2661	1.0499	4.6801	0.5380	2.3039	0.0000	0.8007	5.6080	0.3944	0.1202	0.2502
Riser	72	1.0000	0.7071	1.3377	3.8116	0.2257	2.9267	12.0000	0.6568	3.8861	0.2890	0.0540	0.2220
Riser	73	1.0000	0.8407	0.6085	4.4907	0.4408	1.2006	7.0000	0.9816	7.2007	0.5064	0.1258	0.2099
Riser	74	1.0000	0.4540	0.9920	3.9589	0.2726	1.9332	5.0000	0.9350	7.2218	0.3007	0.1354	0.2842
Riser	75	1.0000	0.3796	0.4522	3.6365	0.8582	1.2178	12.0000	0.7050	0.6547	0.9296	0.1166	0.1105
Riser	76	1.0000	0.4560	1.2305	4.3615	0.6722	2.5088	0.0000	0.8988	5.7124	0.2040	0.1948	0.0304
Riser	77	1.0000	0.6922	0.3639	3.8838	0.3022	2.7817	12.0000	0.2991	4.0468	0.3350	0.0895	0.1021
Riser	78	1.0000	0.5112	1.4640	3.7612	0.3758	2.9614	7.0000	0.6458	6.7758	0.7015	0.1273	0.0545
Riser	79	1.0000	0.8942	0.5934	4.0086	0.6904	1.6446	0.0000	0.1204	2.2198	0.4193	0.1727	0.2310
Riser	80	1.0000	0.6492	0.7277	3.9190	0.2066	1.8397	7.0000	0.2606	0.9463	0.7080	0.0821	0.0594
Riser	81	1.0000	0.8507	1.1570	4.4282	0.8911	1.5428	7.0000	0.5278	3.1729	0.8399	0.1782	0.0071
Riser	82	1.0000	0.8585	0.7594	3.9287	0.5758	2.2027	5.0000	0.6825	2.2339	0.3596	0.0956	0.0373
Riser	83	1.0000	0.5277	0.9763	4.6626	0.3442	2.2332	12.0000	0.7879	3.9484	0.7188	0.1654	0.0016
Riser	84	1.0000	0.6354	1.2486	4.0103	0.6136	2.6229	0.0000	0.4416	5.0660	0.8719	0.1420	0.0418
Riser	85	1.0000	0.8937	0.8002	4.8340	0.6738	1.9329	12.0000	0.9426	3.3221	0.6116	0.0947	0.1174
Riser	86	1.0000	0.8566	0.4066	3.4515	0.7011	1.3008	0.0000	0.3902	6.3233	0.2872	0.0992	0.1178
Riser	87	1.0000	0.2215	0.8071	4.8894	0.3371	1.3416	7.0000	0.7881	7.2551	0.3497	0.0683	0.0031
Riser	88	1.0000	0.4598	1.0351	3.5402	0.4746	1.3397	7.0000	0.6949	1.7566	0.5686	0.1111	0.0251
Riser	89	1.0000	0.2192	1.3339	3.5942	0.7485	1.2664	0.0000	0.8272	5.0249	0.6329	0.0650	0.0828
Riser	90	1.0000	0.7423	1.2695	3.8476	0.4586	1.8667	12.0000	0.1140	6.1280	0.2761	0.1978	0.0990
Riser	91	1.0000	0.6946	0.4523	4.2102	0.8873	2.2489	0.0000	0.7792	7.3654	0.9778	0.1202	0.0009
Riser	92	1.0000	0.8018	1.2657	4.2459	0.6865	2.0717	12.0000	0.5629	3.7923	0.8664	0.0822	0.0641
Riser	93	1.0000	0.8702	0.8289	4.2393	0.2578	1.4904	0.0000	0.3507	6.4326	0.2396	0.1144	0.2952
Riser	94	1.0000	0.3399	0.8932	3.4576	0.4102	2.8101	5.0000	0.5638	7.0533	0.8657	0.0475	0.2511
Riser	95	1.0000	0.5530	0.8849	4.4881	0.5258	2.2061	0.0000	0.8778	1.4890	0.5252	0.0336	0.1651
Riser	96	1.0000	0.2893	1.3669	3.5345	0.7674	2.8260	0.0000	0.3900	6.1309	0.7865	0.0323	0.2681
Riser	97	1.0000	0.5045	1.4808	4.2644	0.2872	1.7836	0.0000	0.9393	6.4402	0.8271	0.0049	0.0043
Riser	98	1.0000	0.4596	1.1015	3.4135	0.5137	2.7047	5.0000	0.9067	1.6009	0.3915	0.1086	0.0236
Riser	99	1.0000	0.4407	0.7758	4.3443	0.5686	2.8660	0.0000	0.3050	5.8409	0.7740	0.0565	0.0777
Riser	100	1.0000	0.6525	0.4358	3.8637	0.3278	2.7668	0.0000	0.3882	1.9725	0.4056	0.0664	0.0884
Riser	101	1.0000	0.8916	1.0063	3.7987	0.5313	1.3429	5.0000	0.4479	4.7074	0.5674	0.1082	0.0768
Riser	102	1.0000	0.5723	1.3918	4.1779	0.2009	2.6259	12.0000	0.6611	1.6259	0.8818	0.1037	0.0230
Riser	103	1.0000	0.4190	0.6842	3.9335	0.8873	2.1917	0.0000	0.9781	6.6632	0.9619	0.1556	0.0303
Riser	104	1.0000	0.8844	1.0908	4.2389	0.7995	1.8286	0.0000	0.5620	5.1692	0.5174	0.1705	0.0000
Riser	105	1.0000	0.8775	1.3666	4.6801	0.3055	1.6140	0.0000	0.1751	3.1371	0.3428	0.0814	0.0774
Riser	106	1.0000	0.5993	0.3331	4.0926	0.2745	2.7530	7.0000	0.4928	6.5937	0.2213	0.1191	0.0117
Riser	107	1.0000	0.5909	0.5242	4.5933	0.3090	1.5641	5.0000	0.2459	2.6399	0.8643	0.0591	0.1604
Riser	108	1.0000	0.3490	0.5817	3.9160	0.2783	2.7060	12.0000	0.9952	2.8290	0.9900	0.0049	0.1746
Riser	109	1.0000	0.2704	0.9166	4.8394	0.4875	1.5678	7.0000	0.4483	6.4587	0.3102	0.0569	0.0046
Riser	110	1.0000	0.6887	0.5585	4.1518	0.2131	1.9740	5.0000	0.3788	1.4761	0.9798	0.0716	0.0138
Riser	111	1.0000	0.3845	1.0145	4.3879	0.3033	1.3684	7.0000	0.4294	4.4642	0.3764	0.1168	0.2111
Riser	112	1.0000	0.3461	0.6549	3.8204	0.7026	1.5333	12.0000	0.5824	5.2719	0.9030	0.1560	0.0321
Riser	113	1.0000	0.8575	0.5670	3.8858	0.8162	1.4453	7.0000	0.9632	4.6328	0.3225	0.1253	0.0111
Riser	114	1.0000	0.5714	0.5569	4.7535	0.8236	2.6838	7.0000	0.8322	3.3657	0.2464	0.0046	0.0423
Riser	115	1.0000	0.7609	0.9356	4.4081	0.5429	1.9561	7.0000	0.2769	3.7175	0.9816	0.1345	0.2832
Riser	116	1.0000	0.5662	1.2617	4.5601	0.2048	2.2282	5.0000	0.4775	1.6402	0.8758	0.0523	0.0308
Riser	117	1.0000	0.2056	0.7236	3.9414	0.2898	2.7340	12.0000	0.8070	2.0932	0.3916	0.1542	0.2731
Riser	118	1.0000	0.7887	1.3650	4.2540	0.3831	2.6298	0.0000	0.1691	6.3875	0.5137	0.0367	0.0841
Riser	119	1.0000	0.7234	0.5276	3.8192	0.6002	1.5923	7.0000	0.9218	7.0223	0.2818	0.0731	0.0919
Riser	120	1.0000	0.6544	0.9628	3.5279	0.7081	2.5690	7.0000	0.7527	2.8552	0.7478	0.0591	0.0882
Riser	121	1.0000	0.4772	1.2021	4.0665	0.7964	1.9306	0.0000	0.7849	2.8620	0.6928	0.1020	0.2813
Riser	122	1.0000	0.5793	1.1039	4.0677	0.3554	2.7721	12.0000	0.3140	2.6556	0.7296	0.1788	0.1333
Riser	123	1.0000	0.7726	1.1955	3.7220	0.7199	2.3891	5.0000	0.1554	3.1585	0.5810	0.0426	0.1280
Riser	124	1.0000	0.7467	1.0279	4.4860	0.8586	2.0844	0.0000	0.5826	3.9870	0.5757	0.1883	0.0022
Riser	125	1.0000	0.5447	0.8530	3.7932	0.7004	2.4241	12.0000	0.9536	5.6927	0.4406	0.0997	0.1605
Riser	126	1.0000	0.6181	1.2537	3.6857	0.4930	2.2836	5.0000	0.5720	5.5569	0.9730	0.1561	0.0660
Riser	127	1.0000	0.8676	0.9959	3.6977	0.3701	1.4536	7.0000	0.9940	6.6590	0.9643	0.1192	0.0008
Riser	128	1.0000	0.8928	0.6456	4.2655	0.5070	1.5998	0.0000	0.9037	5.7161	0.4825	0.0696	0.0617
Riser	129	1.0000	0.8918	0.7906	4.4821	0.4354	1.8613	12.0000	0.1346	5.7536	0.2026	0.0500	0.0019
Riser	130	1.0000	0.4327	0.9161	3.6597	0.7566	1.3682	7.0000	0.3377	2.4439	0.9588	0.0000	0.0740
Riser	131	1.0000	0.5871	0.7876	4.8631	0.4558	2.0179	12.0000	0.1935	4.9099	0.7293	0.1659	0.1990
Riser	132	1.0000	0.7736	1.0837	4.5845	0.5362	2.2869	0.0000	0.7868	3.2848	0.3404	0.0773	0.0065
Riser	133	1.0000	0.3616	1.4342	3.8477	0.4639	2.0918	12.0000	0.3892	3.5845	0.7438	0.1310	0.0295
Riser	134	1.0000	0.7535	0.5009	4.0084	0.4102	2.5025	0.0000	0.3798	0.9008	0.3537	0.1590	0.1591
Riser	135	1.0000	0.2183	0.8406	4.7632	0.5441	1.7245	7.0000	0.4319	3.8393	0.5726	0.1732	0.1151
Riser	136	1.0000	0.7662	0.8643	4.5981	0.4624	1.9412	0.0000	0.9119	2.6777	0.5171	0.0912	0.1510
Riser	137	1.0000	0.6238	0.8315	4.4033	0.2625	2.8492	7.0000	0.3263	0.7697	0.5208	0.1076	0.1365
Riser	138	1.0000	0.4811	0.7315	4.5927	0.3903	2.9398	5.0000	0.3152	2.2778	0.6463	0.1645	0.1722
Riser	139	1.0000	0.6052	0.7522	4.2270	0.8620	2.9509	12.0000	0.9861	4.7783	0.3535	0.0115	0.0075
Riser	140	1.0000	0.6391	0.9107	4.7222	0.5571	2.3081	12.0000	0.1074	5.3066	0.7285	0.0848	0.1185
Riser	141	1.0000	0.2701	0.9264	3.6333	0.3100	2.1751	12.0000	0.1859	0.5069	0.2021	0.0533	0.0368
Riser	142	1.0000	0.5401	1.0155	4.9619	0.6551	2.5049	0.0000	0.2908	1.1331	0.4564	0.1614	0.1942
Riser	143	1.0000	0.4258	0.9453	3.9047	0.3716	1.2871	0.0000	0.4363	3.1993	0.7974	0.1948	0.0766
Riser	144	1.0000	0.5662	0.8169	3.7556	0.5684	2.1510	0.0000	0.9980	2.3590	0.6916	0.1113	0.2534
Riser	145	1.0000	0.7931	0.4396	3.9555	0.7768	1.5454	0.0000	0.8456	3.8675	0.3313	0.0943	0.1254
Riser	146	1.0000	0.5163	0.4702	4.6630	0.5095	1.4334	0.0000	0.3556	5.9515	0.9102	0.0974	0.1315
Riser	147	1.0000	0.6458	0.9711	4.8710	0.4942	2.4451	0.0000	0.9003	1.4934	0.8186	0.0117	0.0769
Riser	148	1.0000	0.8488	0.6908	4.4694	0.7618	1.9916	0.0000	0.8134	7.2937	0.3242	0.0147	0.0049
Riser	149	1.0000	0.3182	0.7062	4.3716	0.4556	2.8818	0.0000	0.4685	1.0877	0.4774	0.0492	0.0380
Riser	150	1.0000	0.4182	1.2083	3.6332	0.2240	1.3921	12.0000	0.6028	7.3707	0.8267	0.0930	0.0601
Riser	151	1.0000	0.3297	1.3033	4.8090	0.4199	2.9545	12.0000	0.4067	2.2781	0.3204	0.0869	0.0020
Riser	152	1.0000	0.7198	1.3611	4.8662	0.3940	1.6906	5.0000	0.7287	5.6641	0.3420	0.0581	0.0307
Riser	153	1.0000	0.3937	1.2873	3.4753	0.2897	1.9927	0.0000	0.7374	6.5843	0.9925	0.1321	0.0114
Riser	154	1.0000	0.5251	0.5827	4.1954	0.6263	1.7409	0.0000	0.5156	3.3580	0.7795	0.1777	0.1367
Riser	155	1.0000	0.4238	0.9598	3.9816	0.6261	2.8583	12.0000	0.4732	5.0126	0.8056	0.0663	0.1591
Riser	156	1.0000	0.7916	0.3012	4.4826	0.6107	1.3454	5.0000	0.4385	1.2073	0.2557	0.0703	0.1106
Riser	157	1.0000	0.8765	1.4536	3.4728	0.8688	1.8498	5.0000	0.9035	4.0120	0.3313	0.1078	0.0003
Riser	158	1.0000	0.6144	1.2122	3.9934	0.2395	2.4129	7.0000	0.1309	4.5119	0.4343	0.0220	0.2241
Riser	159	1.0000	0.5537	0.8890	3.4233	0.3148	1.4097	0.0000	0.8176	5.8393	0.2363	0.1780	0.1063
Riser	160	1.0000	0.4067	1.0871	3.8422	0.2350	1.7694	12.0000	0.1299	2.6345	0.9174	0.0391	0.0085
Riser	161	1.0000	0.3080	0.6350	3.4670	0.6472	1.5965	12.0000	0.5124	5.2171	0.7669	0.1294	0.0092
Riser	162	1.0000	0.7274	1.2415	4.0568	0.8027	1.8320	5.0000	0.7078	1.6258	0.8334	0.1341	0.2209
Riser	163	1.0000	0.8971	1.3630	3.4447	0.4692	1.4292	7.0000	0.2196	1.2403	0.9874	0.0542	0.0676
Riser	164	1.0000	0.2313	0.4860	4.1014	0.6949	2.5276	12.0000	0.2846	6.8401	0.4795	0.0580	0.0021
Riser	165	1.0000	0.8162	0.4475	4.5973	0.3770	2.9446	5.0000	0.6447	4.9989	0.5402	0.0141	0.1261
Riser	166	1.0000	0.7093	0.3411	4.8716	0.3922	1.3336	5.0000	0.9381	2.9770	0.3410	0.1186	0.0258
Riser	167	1.0000	0.8420	1.3325	4.6904	0.2278	1.6627	12.0000	0.3960	1.0332	0.7332	0.0992	0.1403
Riser	168	1.0000	0.7561	1.2682	4.0437	0.8413	1.6616	7.0000	0.3336	6.9587	0.8148	0.0839	0.0874
Riser	169	1.0000	0.6653	1.4498	4.9844	0.8634	2.9528	0.0000	0.7092	4.7973	0.5307	0.1952	0.2627
Riser	170	1.0000	0.8196	0.3060	4.4565	0.2854	2.4250	12.0000	0.9828	6.8626	0.7103	0.1032	0.1361
Riser	171	1.0000	0.2714	0.9158	3.7788	0.6205	1.9507	0.0000	0.1440	1.2146	0.6707	0.1840	0.1149
Riser	172	1.0000	0.6548	1.3969	4.9283	0.2350	2.0547	12.0000	0.1762	1.3911	0.9919	0.1179	0.2092
Riser	173	1.0000	0.3148	0.4039	4.2130	0.4061	1.3424	5.0000	0.4732	2.5934	0.6763	0.0345	0.2920
Riser	174	1.0000	0.6493	0.6281	4.5252	0.3070	2.3328	5.0000	0.9914	3.4007	0.3151	0.0829	0.0001
Riser	175	1.0000	0.3013	0.6339	4.5223	0.2525	2.8819	12.0000	0.5986	1.4093	0.3644	0.1517	0.1450
Riser	176	1.0000	0.7532	0.9705	4.3738	0.5125	2.2177	7.0000	0.1226	5.5778	0.3521	0.1912	0.0085
Riser	177	1.0000	0.7701	0.9954	4.6038	0.7234	1.7730	12.0000	0.5309	0.9408	0.7415	0.0446	0.0124
Riser	178	1.0000	0.2585	0.8787	4.1954	0.6174	2.3206	5.0000	0.9136	7.2518	0.7402	0.0091	0.1587
Riser	179	1.0000	0.6989	1.0439	4.0836	0.6157	1.7005	12.0000	0.9013	4.2898	0.5561	0.0601	0.1359
Riser	180	1.0000	0.6095	0.3700	4.6385	0.3514	2.8065	0.0000	0.2667	1.5100	0.4835	0.0273	0.2839
Riser	181	1.0000	0.6929	1.3191	3.9121	0.7372	2.6580	12.0000	0.8440	1.3017	0.5139	0.1676	0.2613
Riser	182	1.0000	0.7068	0.6990	3.8941	0.8723	1.9558	12.0000	0.8626	2.8580	0.3332	0.1655	0.2307
Riser	183	1.0000	0.4321	0.4131	4.8203	0.2761	1.5227	7.0000	0.3475	3.0536	0.9606	0.1445	0.2055
Riser	184	1.0000	0.3112	1.0874	4.9378	0.8998	1.8552	0.0000	0.7664	0.8187	0.7665	0.0467	0.2194
Riser	185	1.0000	0.8555	0.9594	4.8693	0.6798	1.2130	12.0000	0.2430	2.0254	0.7641	0.0123	0.1258
Riser	186	1.0000	0.4130	1.0177	4.9414	0.8279	2.3684	0.0000	0.3894	1.0899	0.6871	0.1117	0.0448
Riser	187	1.0000	0.5149	0.4626	4.0983	0.7453	2.2484	0.0000	0.4999	6.0598	0.3773	0.1615	0.1788
Riser	188	1.0000	0.5664	0.7543	3.5459	0.5545	2.5288	0.0000	0.5571	5.3519	0.9416	0.1007	0.0124
Riser	189	1.0000	0.6720	0.3273	3.5003	0.8061	2.2322	0.0000	0.3192	5.4845	0.5669	0.1884	0.0017
Riser	190	1.0000	0.6554	1.1284	4.0978	0.8442	1.7486	12.0000	0.5286	6.2856	0.2578	0.0842	0.0099
Riser	191	1.0000	0.2300	0.6776	3.4339	0.7510	2.6606	7.0000	0.8249	0.8010	0.4978	0.0138	0.0291
Riser	192	1.0000	0.5073	1.4912	3.4223	0.8755	1.6554	7.0000	0.4581	3.8957	0.7368	0.1432	0.2917
Riser	193	1.0000	0.4246	1.2837	3.5869	0.3819	1.9459	0.0000	0.4555	2.5664	0.9821	0.0597	0.1366
Riser	194	1.0000	0.6965	0.8878	4.5588	0.7255	1.7822	0.0000	0.6837	5.1954	0.4769	0.0427	0.0319
Riser	195	1.0000	0.7555	0.9710	3.6199	0.5534	1.6533	0.0000	0.3495	2.0382	0.5539	0.1323	0.2441
Riser	196	1.0000	0.8534	0.3710	4.4378	0.8482	1.9080	0.0000	0.2072	5.9084	0.2940	0.1798	0.1274
Riser	197	1.0000	0.3439	0.8959	4.4834	0.6484	2.3886	0.0000	0.2948	2.4979	0.5563	0.1072	0.2337
Riser	198	1.0000	0.8644	0.6444	3.8486	0.2692	1.3978	0.0000	0.5519	6.8381	0.3243	0.0410	0.0511
Riser	199	1.0000	0.3511	1.0967	4.0931	0.5653	1.2617	0.0000	0.1691	3.3388	0.7290	0.0065	0.0155
Riser	200	1.0000	0.8486	1.2971	3.7196	0.5055	1.4313	7.0000	0.6944	3.9393	0.9777	0.0125	0.1547
Riser	201	1.0000	0.4384	0.5546	4.5332	0.7684	2.2485	0.0000	0.1801	0.7417	0.4295	0.1090	0.2582
Riser	202	1.0000	0.7526	1.2803	4.0043	0.2894	2.1965	7.0000	0.3068	7.0317	0.5957	0.0353	0.2233
Riser	203	1.0000	0.8100	0.8200	4.7626	0.6242	1.8694	5.0000	0.5193	4.7234	0.7216	0.0980	0.0017
Riser	204	1.0000	0.3614	0.4621	3.6756	0.8947	2.4148	7.0000	0.6481	2.8803	0.2147	0.1542	0.1785
Riser	205	1.0000	0.4629	0.5644	3.8916	0.4020	1.7074	0.0000	0.6865	2.9836	0.9556	0.1677	0.2770
Riser	206	1.0000	0.4050	0.8036	3.8850	0.3111	2.9849	12.0000	0.2620	6.2075	0.5715	0.0970	0.0103
Riser	207	1.0000	0.8269	0.4345	4.7483	0.8730	1.8713	5.0000	0.5855	2.2346	0.5733	0.1619	0.2165
Riser	208	1.0000	0.5066	0.4699	4.7819	0.5981	2.4699	12.0000	0.4169	4.9721	0.5117	0.0768	0.0058
Riser	209	1.0000	0.3221	0.5930	3.9042	0.5386	2.9664	0.0000	0.1877	5.1942	0.5441	0.0757	0.0109
Riser	210	1.0000	0.2500	1.3272	3.5245	0.6598	2.9303	5.0000	0.4391	1.4198	0.2099	0.0113	0.0496
Riser	211	1.0000	0.2323	0.9452	4.5690	0.2722	2.9762	0.0000	0.9729	3.4694	0.2433	0.1115	0.1560
Riser	212	1.0000	0.2881	0.8132	3.6518	0.6603	2.5553	0.0000	0.5826	4.7273	0.4380	0.0256	0.0499
Riser	213	1.0000	0.4781	0.3520	4.3170	0.7955	2.8657	5.0000	0.1005	5.0639	0.3575	0.0888	0.2540
Riser	214	1.0000	0.4883	1.0492	4.0829	0.5675	1.3931	12.0000	0.8627	6.2969	0.4170	0.0792	0.2674
Riser	215	1.0000	0.2090	0.4987	4.2528	0.3516	1.8649	12.0000	0.2034	2.9591	0.2632	0.0172	0.0000
Riser	216	1.0000	0.5322	0.9593	4.0119	0.7365	1.2900	5.0000	0.9941	5.5459	0.5510	0.0372	0.1419
Riser	217	1.0000	0.4098	0.6926	4.1334	0.3245	1.9496	0.0000	0.1549	6.9968	0.3737	0.0315	0.1480
Riser	218	1.0000	0.4323	0.9416	4.8326	0.6741	1.7322	0.0000	0.9036	7.3669	0.5449	0.1414	0.2564
Riser	219	1.0000	0.4000	1.3271	4.8221	0.5122	2.2253	0.0000	0.8694	3.2093	0.8770	0.1755	0.0262
Riser	220	1.0000	0.3368	1.0371	4.1529	0.8405	2.7152	7.0000	0.3621	1.4055	0.5211	0.0798	0.0851
Riser	221	1.0000	0.6688	1.4984	3.4104	0.2033	2.1476	0.0000	0.3098	3.1334	0.4142	0.0287	0.0347
Riser	222	1.0000	0.5324	0.5164	4.2730	0.8903	1.4053	7.0000	0.7258	1.3091	0.6599	0.1531	0.0786
Riser	223	1.0000	0.3713	0.3017	3.9932	0.2859	1.3922	7.0000	0.3879	5.1101	0.5338	0.1800	0.2607
Riser	224	1.0000	0.4347	0.3740	4.9443	0.4930	2.7963	7.0000	0.3319	5.9401	0.4907	0.0842	0.0402
Riser	225	1.0000	0.4330	1.4577	4.1757	0.7796	2.6612	5.0000	0.9110	7.3022	0.9105	0.0903	0.0234
Riser	226	1.0000	0.7933	0.7421	4.1087	0.6781	2.1528	5.0000	0.3588	4.7421	0.9315	0.1424	0.1695
Riser	227	1.0000	0.4056	1.4261	3.7436	0.2960	1.9619	0.0000	0.3055	6.0607	0.8111	0.0458	0.0628
Riser	228	1.0000	0.6993	0.4504	3.7262	0.5723	2.6451	0.0000	0.5384	3.0633	0.5356	0.1174	0.0015
Riser	229	1.0000	0.5529	1.0266	4.1501	0.8679	1.2531	0.0000	0.7769	6.2643	0.3226	0.1221	0.0302
Riser	230	1.0000	0.7242	1.3156	3.9320	0.5609	2.2882	0.0000	0.7347	5.5686	0.6618	0.0819	0.0218
Riser	231	1.0000	0.5093	0.4293	4.9241	0.5078	2.5461	5.0000	0.1071	1.7004	0.4988	0.1523	0.0116
Riser	232	1.0000	0.5523	0.7856	3.5497	0.7712	2.4982	5.0000	0.9383	0.8259	0.7035	0.1755	0.0012
Riser	233	1.0000	0.3423	1.3196	4.4256	0.4038	2.8627	12.0000	0.8857	3.0786	0.5468	0.0553	0.0126
Riser	234	1.0000	0.5453	0.7616	4.2760	0.7099	1.2357	5.0000	0.9593	1.2868	0.4874	0.1511	0.1435
Riser	235	1.0000	0.2457	1.3144	3.5031	0.6842	2.8208	7.0000	0.2463	2.3330	0.4897	0.0322	0.1713
Riser	236	1.0000	0.7098	0.3544	3.4175	0.6378	1.4898	12.0000	0.5066	2.0023	0.4615	0.0795	0.2007
Riser	237	1.0000	0.6380	0.8148	3.4594	0.2170	1.3810	0.0000	0.7810	4.9747	0.3217	0.1472	0.0374
Riser	238	1.0000	0.5782	1.0800	3.8519	0.4233	2.5219	7.0000	0.9157	6.2948	0.4594	0.0677	0.1527
Riser	239	1.0000	0.3548	0.9190	4.9712	0.3515	2.5126	0.0000	0.5685	5.2028	0.3466	0.0622	0.0184
Riser	240	1.0000	0.2340	0.6935	4.6798	0.6621	2.8199	0.0000	0.5953	0.8831	0.3132	0.1932	0.0501
Riser	241	1.0000	0.6243	0.3142	4.4005	0.5857	2.9952	0.0000	0.2719	4.8575	0.9468	0.0919	0.0595
Riser	242	1.0000	0.3460	0.8378	4.7414	0.7101	1.4649	0.0000	0.6997	0.6056	0.4199	0.0687	0.0637
Riser	243	1.0000	0.7579	1.0783	3.4576	0.2247	2.4321	12.0000	0.5910	0.5928	0.8311	0.1057	0.1434
Riser	244	1.0000	0.2088	0.9582	4.9950	0.8806	1.3881	0.0000	0.6186	6.3243	0.7991	0.0601	0.0155
Riser	245	1.0000	0.7252	0.3682	4.0222	0.2228	2.7895	12.0000	0.9907	1.5633	0.4760	0.0624	0.0377
Riser	246	1.0000	0.3624	0.4615	4.8682	0.2312	2.7163	0.0000	0.5782	3.6619	0.4851	0.1495	0.0331
Riser	247	1.0000	0.2058	0.5711	3.9927	0.8878	1.7792	12.0000	0.4288	1.9248	0.8472	0.1455	0.1847
Riser	248	1.0000	0.6979	0.3900	3.4144	0.8992	1.8249	0.0000	0.3267	5.4342	0.3541	0.0140	0.1032
Riser	249	1.0000	0.2143	1.3801	4.1715	0.5869	1.7563	0.0000	0.4170	2.5112	0.6944	0.0357	0.1964
Riser	250	1.0000	0.2916	0.7821	4.0134	0.3252	1.3903	5.0000	0.8983	4.6115	0.2483	0.0493	0.1512
Riser	251	1.0000	0.8840	1.3037	3.5730	0.5709	1.5364	0.0000	0.3238	1.0682	0.7398	0.0566	0.2097
Riser	252	1.0000	0.8102	0.6520	3.7200	0.8703	1.8879	7.0000	0.8657	2.8708	0.4127	0.0520	0.2383
Riser	253	1.0000	0.7351	0.4585	3.4961	0.6839	2.7739	0.0000	0.4123	3.3119	0.3299	0.0028	0.0022
Riser	254	1.0000	0.4582	1.4260	4.0539	0.8982	1.2525	0.0000	0.3922	1.1929	0.6946	0.0734	0.0058
Riser	255	1.0000	0.8956	0.4298	4.8404	0.3539	2.3094	7.0000	0.1054	2.4016	0.5480	0.1563	0.0002
Riser	256	1.0000	0.4078	1.3180	4.2710	0.2231	1.5666	7.0000	0.5916	4.5440	0.7919	0.1979	0.2252
Downlifter	1	1.0000	0.2969	0.6435	3.7907	0.4730	1.7366	12.0000	0.9307	1.0045	0.8502	0.0373	0.1319
Downlifter	2	1.0000	0.5613	1.3329	4.5467	0.2777	1.5776	0.0000	0.9784	1.4867	0.4506	0.1720	0.2310
Downlifter	3	1.0000	0.3183	0.3296	4.2637	0.6112	2.7047	7.0000	0.2819	1.4994	0.8905	0.0346	0.0086
Downlifter	4	1.0000	0.6947	0.8702	3.8567	0.7053	2.6386	12.0000	0.5952	6.1472	0.2437	0.0654	0.1123
Downlifter	5	1.0000	0.3957	1.2906	4.5629	0.3571	2.6864	5.0000	0.2607	6.7814	0.4139	0.1671	0.0815
Downlifter	6	1.0000	0.3049	1.1178	4.7205	0.4154	1.5504	7.0000	0.4214	1.8924	0.6092	0.1132	0.1837
Downlifter	7	1.0000	0.3409	0.5134	4.4017	0.7790	1.3788	5.0000	0.8474	2.5115	0.8818	0.1564	0.2467
Downlifter	8	1.0000	0.8899	1.4868	4.0775	0.7995	2.2419	0.0000	0.2644	2.9749	0.9693	0.0395	0.2007
Downlifter	9	1.0000	0.2237	0.9353	3.4253	0.2749	2.9809	0.0000	0.2456	3.1894	0.3482	0.1622	0.1158
Downlifter	10	1.0000	0.5350	1.3433	4.6273	0.5202	2.2226	12.0000	0.2126	4.9952	0.2587	0.1464	0.0100
Downlifter	11	1.0000	0.8821	1.0840	3.4312	0.6420	2.9691	7.0000	0.8058	1.0970	0.8661	0.1293	0.1634
Downlifter	12	1.0000	0.6499	0.6576	3.9381	0.8331	1.4666	0.0000	0.8398	2.8143	0.8090	0.0067	0.1072
Downlifter	13	1.0000	0.2442	0.8607	4.5456	0.7566	2.4610	12.0000	0.7979	6.7635	0.4997	0.0955	0.0352
Downlifter	14	1.0000	0.3490	0.8943	4.0161	0.7497	1.5392	12.0000	0.8778	3.4842	0.5116	0.0741	0.0201
Downlifter	15	1.0000	0.7322	1.0446	3.5145	0.6004	2.9816	0.0000	0.3772	0.6571	0.4689	0.1292	0.0208
Downlifter	16	1.0000	0.7986	0.7772	4.6849	0.6337	2.5072	0.0000	0.1459	4.5086	0.3931	0.1759	0.0136
Downlifter	17	1.0000	0.7006	0.7923	3.7892	0.7914	2.0487	0.0000	0.1186	1.7486	0.2935	0.0091	0.0697
Downlifter	18	1.0000	0.2569	0.8567	3.8645	0.4161	2.3175	0.0000	0.5762	5.1530	0.2360	0.1599	0.2896
Downlifter	19	1.0000	0.5810	0.6153	3.5125	0.6679	1.7741	7.0000	0.7731	4.1859	0.7578	0.1750	0.0009
Downlifter	20	1.0000	0.4537	1.1375	4.0886	0.6379	1.7300	0.0000	0.3248	3.5006	0.7453	0.0146	0.2325
Downlifter	21	1.0000	0.4826	0.3801	3.8332	0.6070	2.9611	7.0000	0.1909	3.8318	0.9861	0.1960	0.0027
Downlifter	22	1.0000	0.8369	0.3238	4.8721	0.3787	2.6444	0.0000	0.5310	5.0925	0.5403	0.1412	0.1882
Downlifter	23	1.0000	0.4565	1.0465	4.7559	0.6062	1.8316	7.0000	0.8580	6.9992	0.6976	0.1955	0.0005
Downlifter	24	1.0000	0.6703	1.4023	4.9754	0.3558	2.4310	7.0000	0.7412	5.7845	0.7954	0.1882	0.0188
Downlifter	25	1.0000	0.7994	0.8348	4.4100	0.4084	1.4387	7.0000	0.4290	4.5458	0.8616	0.0901	0.2363
Downlifter	26	1.0000	0.4620	1.2343	3.7862	0.7910	1.6953	5.0000	0.4483	3.3044	0.6607	0.1794	0.0468
Downlifter	27	1.0000	0.3015	1.3838	3.9247	0.7815	2.8787	7.0000	0.5851	6.5187	0.9521	0.0087	0.0788
Downlifter	28	1.0000	0.3347	0.8094	4.9925	0.8902	1.7145	0.0000	0.9167	1.2149	0.9885	0.0785	0.0016
Downlifter	29	1.0000	0.3087	0.5926	3.5172	0.3053	1.2827	7.0000	0.3511	4.3590	0.7391	0.1468	0.1737
Downlifter	30	1.0000	0.4833	0.4215	3.7851	0.7877	1.2405	7.0000	0.6032	1.4526	0.8511	0.0400	0.0052
Downlifter	31	1.0000	0.8117	1.2688	3.8930	0.2816	2.0451	12.0000	0.7368	4.1764	0.8495	0.1158	0.2769
Downlifter	32	1.0000	0.4817	1.1344	3.5024	0.2347	2.8866	5.0000	0.1160	5.3457	0.7304	0.0557	0.0275
Downlifter	33	1.0000	0.5068	0.3344	4.1324	0.8649	2.3435	12.0000	0.9235	1.3215	0.9444	0.1226	0.0074
Downlifter	34	1.0000	0.3851	0.9204	4.0083	0.5582	2.5779	0.0000	0.9315	2.0268	0.2258	0.0771	0.0876
Downlifter	35	1.0000	0.7047	1.1073	4.4546	0.3804	1.7357	12.0000	0.3138	6.4594	0.6274	0.1642	0.1576
Downlifter	36	1.0000	0.7882	0.9853	4.3696	0.5527	1.5954	12.0000	0.8229	1.5491	0.4858	0.0201	0.2067
Downlifter	37	1.0000	0.7566	0.3391	4.7946	0.5104	1.6083	0.0000	0.6545	1.2136	0.9156	0.0217	0.0026
Downlifter	38	1.0000	0.5659	0.4944	4.1774	0.4618	2.6403	0.0000	0.8506	1.1537	0.7615	0.1718	0.0561
Downlifter	39	1.0000	0.8754	0.8579	3.7734	0.3128	1.7996	5.0000	0.1602	5.9698	0.4848	0.1625	0.2042
Downlifter	40	1.0000	0.7691	0.7790	3.9618	0.7151	2.3208	7.0000	0.3109	4.2008	0.3862	0.0901	0.0553
Downlifter	41	1.0000	0.2063	0.6123	4.4611	0.4810	1.2965	0.0000	0.1230	2.2621	0.2991	0.0330	0.0219
Downlifter	42	1.0000	0.7827	0.6117	3.6188	0.6304	2.6405	0.0000	0.9518	1.3428	0.5607	0.1064	0.0798
Downlifter	43	1.0000	0.7940	1.0395	4.7639	0.8044	1.3124	0.0000	0.8555	5.7841	0.7838	0.1663	0.0194
Downlifter	44	1.0000	0.8878	1.4738	3.9333	0.6506	2.7440	12.0000	0.5436	5.7106	0.2086	0.1146	0.0058
Downlifter	45	1.0000	0.3008	1.4106	3.7316	0.6568	1.4055	0.0000	0.4417	0.9852	0.8749	0.1214	0.0015
Downlifter	46	1.0000	0.4324	0.3134	3.9058	0.6354	2.9732	12.0000	0.8663	1.9746	0.9201	0.0732	0.1252
Downlifter	47	1.0000	0.5346	1.0981	3.5297	0.2905	2.2408	7.0000	0.4981	3.8613	0.4494	0.0867	0.0253
Downlifter	48	1.0000	0.4246	0.8952	4.5196	0.8588	1.5624	0.0000	0.6269	4.4161	0.5395	0.1741	0.0128
Downlifter	49	1.0000	0.6077	0.6105	4.3252	0.4357	1.5036	12.0000	0.6653	6.1130	0.8374	0.1175	0.2413
Downlifter	50	1.0000	0.6847	1.1086	3.6444	0.5080	2.2303	5.0000	0.9964	5.0392	0.6646	0.1369	0.1825
Downlifter	51	1.0000	0.8377	0.5362	4.9699	0.2627	1.9400	0.0000	0.9530	5.6868	0.3930	0.0304	0.0432
Downlifter	52	1.0000	0.2605	0.6536	3.7614	0.2937	2.3131	0.0000	0.5515	3.4413	0.4059	0.0098	0.2605
Downlifter	53	1.0000	0.3216	1.2509	4.9802	0.5432	2.9991	5.0000	0.5348	2.0892	0.8392	0.0951	0.2528
Downlifter	54	1.0000	0.6317	0.5638	3.5209	0.7981	2.1090	12.0000	0.8406	6.7180	0.3603	0.1929	0.1657
Downlifter	55	1.0000	0.4277	1.1797	4.4694	0.6068	1.8621	0.0000	0.3688	6.8254	0.5182	0.0121	0.1566
Downlifter	56	1.0000	0.4596	1.2651	3.9508	0.7973	1.7605	7.0000	0.1830	1.1602	0.4612	0.0206	0.0156
Downlifter	57	1.0000	0.3237	1.4041	4.3526	0.8873	2.6382	0.0000	0.4233	3.1931	0.2318	0.1404	0.1083
Downlifter	58	1.0000	0.4826	0.4687	4.1653	0.8464	2.0213	5.0000	0.8326	4.8872	0.6727	0.0251	0.1593
Downlifter	59	1.0000	0.4056	1.3809	4.7201	0.6593	1.6721	12.0000	0.2105	1.7726	0.3482	0.0497	0.0270
Downlifter	60	1.0000	0.7856	0.3348	3.7961	0.2410	2.0175	12.0000	0.4607	3.3796	0.7150	0.1109	0.0063
Downlifter	61	1.0000	0.8963	0.5799	4.9760	0.3393	2.0954	0.0000	0.4153	3.5762	0.6509	0.1155	0.0314
Downlifter	62	1.0000	0.5529	1.0032	4.7816	0.4589	1.4549	5.0000	0.9618	4.5687	0.5514	0.0342	0.1983
Downlifter	63	1.0000	0.6669	0.3929	4.7802	0.4578	1.7117	7.0000	0.3115	4.7652	0.9903	0.1523	0.1564
Downlifter	64	1.0000	0.8752	0.8880	4.5485	0.4607	1.8246	0.0000	0.1733	4.9247	0.9534	0.0828	0.2827
Downlifter	65	1.0000	0.5170	0.6945	4.1153	0.7071	1.7551	12.0000	0.1118	1.9821	0.4249	0.1489	0.0155
Downlifter	66	1.0000	0.5721	1.4879	3.8098	0.5664	2.7420	0.0000	0.1764	1.8058	0.9574	0.0884	0.0352
Downlifter	67	1.0000	0.2845	0.7633	4.7635	0.7764	2.2839	0.0000	0.7550	3.5255	0.4455	0.0476	0.0998
Downlifter	68	1.0000	0.6055	0.8408	3.6504	0.5995	2.0764	12.0000	0.6809	3.9822	0.4902	0.0334	0.0153
Downlifter	69	1.0000	0.8501	1.0362	4.0935	0.8841	1.5671	0.0000	0.8542	4.9124	0.2192	0.0944	0.1196
Downlifter	70	1.0000	0.8105	0.6405	3.9571	0.4197	2.2285	5.0000	0.5519	5.1098	0.3956	0.1759	0.1699
Downlifter	71	1.0000	0.5343	0.5568	4.5729	0.2031	2.9454	0.0000	0.6997	3.0123	0.4687	0.1044	0.2273
Downlifter	72	1.0000	0.8280	0.9853	4.7566	0.7059	1.9040	0.0000	0.9864	5.0497	0.6263	0.1771	0.1448
Downlifter	73	1.0000	0.5825	0.9716	4.0553	0.7149	1.4684	7.0000	0.3543	3.4976	0.4524	0.0489	0.2271
Downlifter	74	1.0000	0.3154	0.4414	4.1690	0.8637	2.8621	7.0000	0.3900	6.5516	0.9831	0.0437	0.1238
Downlifter	75	1.0000	0.6683	1.0160	3.9792	0.3990	1.8429	0.0000	0.3597	5.8943	0.4534	0.0125	0.1407
Downlifter	76	1.0000	0.6604	0.5395	4.3789	0.3162	1.6406	5.0000	0.4951	1.9695	0.9174	0.0449	0.0014
Downlifter	77	1.0000	0.4455	0.4392	3.7395	0.4581	2.8442	0.0000	0.8321	4.5581	0.9950	0.1608	0.0071
Downlifter	78	1.0000	0.5208	1.2007	3.8050	0.8114	2.6038	0.0000	0.9017	5.9689	0.2763	0.0685	0.1324
Downlifter	79	1.0000	0.6832	0.9206	4.3293	0.6078	1.6280	5.0000	0.1529	5.0021	0.5678	0.0640	0.2487
Downlifter	80	1.0000	0.5812	1.1213	4.8344	0.5709	2.7016	5.0000	0.7542	5.3458	0.3050	0.0811	0.1592
Downlifter	81	1.0000	0.2707	1.0650	4.2288	0.5560	1.3405	7.0000	0.1925	0.8913	0.8438	0.0079	0.0022
Downlifter	82	1.0000	0.3583	0.7587	3.4424	0.6769	1.5064	7.0000	0.6645	1.9877	0.2001	0.0306	0.0668
Downlifter	83	1.0000	0.7897	1.2142	3.9229	0.7610	1.7191	0.0000	0.7015	2.4665	0.6774	0.1328	0.2905
Downlifter	84	1.0000	0.2905	1.0180	4.5649	0.5365	1.3187	0.0000	0.7075	5.5376	0.6303	0.0187	0.0004
Downlifter	85	1.0000	0.5651	0.4252	3.8275	0.2654	2.8844	7.0000	0.2669	1.4119	0.8473	0.1489	0.0611
Downlifter	86	1.0000	0.3018	0.8110	4.1973	0.3142	2.2712	0.0000	0.2696	3.1778	0.4182	0.0925	0.0009
Downlifter	87	1.0000	0.5757	1.0695	3.4125	0.3760	2.3976	7.0000	0.2028	1.6702	0.5201	0.0432	0.0028
Downlifter	88	1.0000	0.4691	0.3536	4.2271	0.3848	2.6362	12.0000	0.3214	4.9917	0.9822	0.0417	0.2773
Downlifter	89	1.0000	0.4429	0.4524	3.4638	0.8055	2.1326	0.0000	0.1511	1.1072	0.5308	0.1421	0.1628
Downlifter	90	1.0000	0.3594	1.4008	4.1022	0.5796	1.4996	0.0000	0.7282	5.1484	0.2162	0.0207	0.0604
Downlifter	91	1.0000	0.8274	0.5778	4.3036	0.3774	1.6269	12.0000	0.3990	4.3264	0.7141	0.1405	0.2063
Downlifter	92	1.0000	0.4015	0.4508	3.7193	0.3498	2.3204	7.0000	0.5187	4.1166	0.8665	0.0236	0.1178
Downlifter	93	1.0000	0.2377	1.4108	4.4786	0.5953	2.0583	5.0000	0.7481	5.6057	0.7054	0.0504	0.0133
Downlifter	94	1.0000	0.3189	0.6336	4.2197	0.3511	1.7014	0.0000	0.8096	6.4414	0.7088	0.0340	0.0000
Downlifter	95	1.0000	0.2058	0.6566	4.7597	0.8198	1.2801	5.0000	0.5509	6.3852	0.6972	0.1737	0.0003
Downlifter	96	1.0000	0.6638	1.1186	3.7526	0.8923	2.7489	0.0000	0.4648	5.6935	0.5065	0.1326	0.0099
Downlifter	97	1.0000	0.7296	1.4351	3.6456	0.4730	2.1889	5.0000	0.7588	6.6987	0.6732	0.1119	0.2713
Downlifter	98	1.0000	0.5352	0.3737	3.9686	0.7548	1.2377	7.0000	0.2360	1.8914	0.3365	0.1787	0.0560
Downlifter	99	1.0000	0.3878	0.5435	3.6039	0.7751	2.3674	5.0000	0.5420	2.3373	0.2701	0.0453	0.0020
Downlifter	100	1.0000	0.8889	0.4653	3.8533	0.7914	1.5544	0.0000	0.3171	1.9910	0.3827	0.0540	0.2128
Downlifter	101	1.0000	0.3192	1.3179	4.0935	0.8451	1.6173	12.0000	0.5530	3.7999	0.6107	0.1046	0.2050
Downlifter	102	1.0000	0.2191	1.3800	3.7716	0.5279	1.5983	7.0000	0.7929	0.7415	0.5197	0.1612	0.2496
Downlifter	103	1.0000	0.6638	0.9742	4.7696	0.4193	1.5672	0.0000	0.3402	6.2226	0.5327	0.1316	0.0018
Downlifter	104	1.0000	0.8358	1.0161	4.5025	0.7999	1.6488	0.0000	0.8151	2.4976	0.9213	0.1229	0.0297
Downlifter	105	1.0000	0.2033	0.4547	3.7265	0.2840	2.3262	0.0000	0.8557	1.1817	0.6631	0.1100	0.0577
Downlifter	106	1.0000	0.5263	0.6667	4.1560	0.6211	2.6982	0.0000	0.9561	2.8274	0.8561	0.1643	0.1847
Downlifter	107	1.0000	0.7255	1.3234	4.6889	0.4703	1.8074	0.0000	0.5589	2.8268	0.7166	0.1935	0.0058
Downlifter	108	1.0000	0.7953	0.6899	4.1130	0.4506	1.8434	12.0000	0.9252	6.8488	0.6840	0.0602	0.0240
Downlifter	109	1.0000	0.7551	0.6494	4.3741	0.8778	2.7413	0.0000	0.2263	3.9796	0.5216	0.1494	0.0118
Downlifter	110	1.0000	0.7766	1.1760	3.6048	0.4747	2.7271	7.0000	0.6399	4.7731	0.4760	0.0558	0.1594
Downlifter	111	1.0000	0.5571	1.1388	3.6209	0.8076	2.0979	0.0000	0.8110	6.0046	0.3355	0.1273	0.1796
Downlifter	112	1.0000	0.7661	0.9172	4.9823	0.3923	2.2849	12.0000	0.5086	5.9531	0.8736	0.1932	0.0968
Downlifter	113	1.0000	0.2396	0.3163	4.9884	0.3191	1.9221	5.0000	0.9723	6.1032	0.4222	0.1997	0.0242
Downlifter	114	1.0000	0.3839	0.8337	3.9334	0.2488	1.2263	7.0000	0.4574	2.9385	0.6990	0.0464	0.1707
Downlifter	115	1.0000	0.8816	0.9484	4.8483	0.7955	1.2691	0.0000	0.5553	1.3928	0.2518	0.1227	0.0030
Downlifter	116	1.0000	0.2437	0.8082	4.9583	0.5973	2.3751	7.0000	0.2641	2.6316	0.7708	0.1231	0.1478
Downlifter	117	1.0000	0.5360	1.2477	4.5810	0.5742	2.6003	7.0000	0.4009	3.0262	0.9130	0.1383	0.1521
Downlifter	118	1.0000	0.4729	0.4938	4.1741	0.6086	2.7588	0.0000	0.8393	4.0263	0.8444	0.1345	0.1098
Downlifter	119	1.0000	0.2230	1.3882	4.4000	0.2077	2.3806	12.0000	0.6050	5.6925	0.6687	0.1610	0.0001
Downlifter	120	1.0000	0.6849	0.3614	3.6513	0.4644	2.4043	5.0000	0.8970	6.8696	0.3651	0.1600	0.0234
Downlifter	121	1.0000	0.4626	1.0668	3.5598	0.7215	2.1835	0.0000	0.8093	5.3532	0.3591	0.0147	0.0420
Downlifter	122	1.0000	0.4469	1.3985	3.4201	0.4815	2.6413	12.0000	0.2218	0.5109	0.5275	0.0379	0.2386
Downlifter	123	1.0000	0.7449	0.4748	4.8500	0.8521	1.7847	7.0000	0.5482	2.5687	0.2973	0.1715	0.1116
Downlifter	124	1.0000	0.3683	1.3966	4.5638	0.8868	2.4260	12.0000	0.4666	4.3518	0.9482	0.0813	0.0050
Downlifter	125	1.0000	0.8497	0.5122	4.2907	0.4750	1.5933	12.0000	0.5660	7.3869	0.3364	0.1308	0.1320
Downlifter	126	1.0000	0.8459	0.3752	4.6606	0.8208	1.2030	7.0000	0.2272	3.0831	0.3305	0.0116	0.0326
Downlifter	127	1.0000	0.6038	0.7527	4.8977	0.7809	2.5011	5.0000	0.8452	1.0146	0.9015	0.1425	0.2187
Downlifter	128	1.0000	0.4754	0.9093	4.3502	0.3265	2.8394	5.0000	0.5045	4.4465	0.9384	0.1358	0.0396
Impact	1	1.0852	0.8881	3.7490	1.3154	0.2232	1.1964	0.0000	0.0000	0.0000	0.0000	0.4978	0.2347
Impact	2	1.2762	0.7821	3.5836	1.4554	0.2013	0.8546	0.0000	0.0000	0.0000	0.0000	0.6729	0.4081
Impact	3	1.3213	0.7494	3.1723	0.7475	0.2892	0.9029	-12.0000	0.0000	0.0000	0.0000	0.6857	0.0859
Impact	4	1.9782	0.4424	3.1716	0.8756	0.1386	0.7750	7.0000	0.0000	0.0000	0.0000	0.4448	0.0003
Impact	5	1.2021	0.4279	2.5568	1.4274	0.3605	1.0625	-12.0000	0.0000	0.0000	0.0000	0.7415	0.0173
Impact	6	0.8879	0.8991	3.8333	1.2415	0.1979	0.6465	7.0000	0.0000	0.0000	0.0000	0.5104	0.1037
Impact	7	0.8107	0.6670	2.8974	1.3926	0.1402	1.6420	-12.0000	0.0000	0.0000	0.0000	0.7699	0.0095
Impact	8	0.9060	0.5695	3.2842	0.5950	0.3759	0.6144	-12.0000	0.0000	0.0000	0.0000	0.6041	0.0277
Impact	9	1.1261	0.3695	2.9056	1.4190	0.3131	0.9851	-12.0000	0.0000	0.0000	0.0000	0.2460	0.0018
Impact	10	0.9782	0.6452	3.8190	1.2303	0.2028	1.6903	-12.0000	0.0000	0.0000	0.0000	0.2232	0.1002
Impact	11	0.8959	0.8928	3.5230	0.9883	0.1844	0.7821	0.0000	0.0000	0.0000	0.0000	0.7000	0.1551
Impact	12	1.9829	0.8544	3.7237	1.3285	0.1353	0.7551	0.0000	0.0000	0.0000	0.0000	0.7439	0.4581
Impact	13	1.8268	0.5745	2.9699	1.0931	0.1294	1.3886	0.0000	0.0000	0.0000	0.0000	0.4345	0.3381
Impact	14	0.7108	0.4175	3.7611	0.9794	0.1621	1.6587	0.0000	0.0000	0.0000	0.0000	0.4845	0.0425
Impact	15	1.1608	0.8025	3.7304	1.4889	0.2697	1.7524	7.0000	0.0000	0.0000	0.0000	0.6264	0.0158
Impact	16	1.0195	0.5693	3.0181	1.3299	0.2267	1.0079	0.0000	0.0000	0.0000	0.0000	0.6072	0.1851
Impact	17	0.8454	0.5152	3.3227	0.9523	0.2659	1.7160	7.0000	0.0000	0.0000	0.0000	0.5375	0.0402
Impact	18	1.6733	0.5625	3.0883	0.5036	0.2807	0.6045	0.0000	0.0000	0.0000	0.0000	0.7245	0.2379
Impact	19	0.8247	0.6051	3.9093	1.4615	0.3999	1.7041	7.0000	0.0000	0.0000	0.0000	0.5441	0.1530
Impact	20	1.8752	0.8892	2.5064	1.2237	0.3276	1.3378	7.0000	0.0000	0.0000	0.0000	0.7017	0.0215
Impact	21	1.8955	0.7129	3.3659	1.1205	0.3622	1.2795	0.0000	0.0000	0.0000	0.0000	0.5640	0.2991
Impact	22	0.6108	0.7372	3.6080	0.7252	0.3614	0.8054	7.0000	0.0000	0.0000	0.0000	0.5995	0.4146
Impact	23	1.6919	0.7236	2.5842	0.5895	0.2633	0.9930	0.0000	0.0000	0.0000	0.0000	0.3188	0.2164
Impact	24	1.1969	0.4944	2.5902	0.9889	0.3708	0.8722	0.0000	0.0000	0.0000	0.0000	0.5883	0.0259
Impact	25	1.2922	0.8179	3.9326	1.3008	0.2445	1.5873	0.0000	0.0000	0.0000	0.0000	0.4015	0.0003
Impact	26	1.2298	0.8171	3.0500	1.2744	0.1816	1.1806	0.0000	0.0000	0.0000	0.0000	0.6914	0.0008
Impact	27	1.6527	0.4494	3.5384	0.9652	0.3576	1.3740	0.0000	0.0000	0.0000	0.0000	0.7008	0.0958
Impact	28	1.3866	0.4916	2.5750	0.5451	0.2118	0.6057	-12.0000	0.0000	0.0000	0.0000	0.3102	0.4671
Impact	29	0.6971	0.6252	3.3169	0.7334	0.1546	1.7593	-12.0000	0.0000	0.0000	0.0000	0.3879	0.0686
Impact	30	0.8166	0.4854	2.7060	1.0383	0.1811	1.1758	0.0000	0.0000	0.0000	0.0000	0.6463	0.3354
Impact	31	1.2860	0.4458	3.9598	0.7451	0.2173	1.1356	-12.0000	0.0000	0.0000	0.0000	0.2199	0.2502
Impact	32	0.7737	0.3917	3.3961	0.8410	0.1801	1.4741	0.0000	0.0000	0.0000	0.0000	0.6734	0.1901
Impact	33	1.6007	0.8302	2.9536	1.1507	0.2296	1.5718	0.0000	0.0000	0.0000	0.0000	0.7213	0.2471
Impact	34	1.0728	0.5474	2.8042	0.5201	0.1022	0.9575	7.0000	0.0000	0.0000	0.0000	0.3423	0.4473
Impact	35	1.7968	0.4713	3.0698	0.7066	0.3118	1.6984	0.0000	0.0000	0.0000	0.0000	0.5753	0.0108
Impact	36	1.5840	0.5455	3.0765	1.0182	0.2507	1.7058	7.0000	0.0000	0.0000	0.0000	0.3666	0.4811
Impact	37	0.7699	0.8648	3.2000	0.8087	0.1089	1.2250	0.0000	0.0000	0.0000	0.0000	0.6674	0.1722
Impact	38	1.0715	0.5762	2.9261	1.3599	0.3815	1.0572	7.0000	0.0000	0.0000	0.0000	0.2075	0.0001
Impact	39	0.8338	0.8650	3.1222	1.0483	0.1758	0.6704	0.0000	0.0000	0.0000	0.0000	0.2171	0.0025
Impact	40	1.5640	0.7464	2.6477	0.7471	0.1707	0.8026	0.0000	0.0000	0.0000	0.0000	0.6002	0.0707
Impact	41	1.6851	0.7013	3.6653	0.7851	0.3270	1.2444	0.0000	0.0000	0.0000	0.0000	0.4015	0.0012
Impact	42	1.6925	0.7230	3.1165	0.7259	0.1108	0.6887	7.0000	0.0000	0.0000	0.0000	0.3862	0.0398
Impact	43	0.7071	0.6586	3.5876	0.6870	0.2217	1.1340	-12.0000	0.0000	0.0000	0.0000	0.6025	0.0834
Impact	44	1.9743	0.7977	3.1334	0.9449	0.1051	1.1690	-12.0000	0.0000	0.0000	0.0000	0.3143	0.0995
Impact	45	1.3590	0.4423	3.2385	0.7321	0.2089	1.6754	0.0000	0.0000	0.0000	0.0000	0.5925	0.2664
Impact	46	0.6493	0.4091	3.6030	1.0297	0.2483	0.9576	0.0000	0.0000	0.0000	0.0000	0.6192	0.1156
Impact	47	1.2711	0.3305	3.9838	1.4463	0.1095	1.2544	0.0000	0.0000	0.0000	0.0000	0.7289	0.3168
Impact	48	0.8506	0.4967	2.8049	1.3080	0.3349	0.8310	-12.0000	0.0000	0.0000	0.0000	0.5375	0.2350
Impact	49	1.9810	0.8137	3.4026	1.0733	0.2149	1.1567	0.0000	0.0000	0.0000	0.0000	0.4676	0.0095
Impact	50	1.0986	0.7435	3.0785	0.8788	0.3917	1.7443	-12.0000	0.0000	0.0000	0.0000	0.4227	0.0260
Impact	51	0.8750	0.4930	3.1424	0.8199	0.3367	1.3335	7.0000	0.0000	0.0000	0.0000	0.4927	0.2438
Impact	52	1.7827	0.6309	3.4444	1.2041	0.1351	0.7052	-12.0000	0.0000	0.0000	0.0000	0.5009	0.3363
Impact	53	1.0887	0.4794	3.8925	0.8674	0.3637	1.1650	7.0000	0.0000	0.0000	0.0000	0.3362	0.1093
Impact	54	0.9436	0.7949	2.6253	1.0826	0.1955	1.6047	0.0000	0.0000	0.0000	0.0000	0.4273	0.2164
Impact	55	1.8000	0.7720	2.9764	0.9228	0.1728	1.5167	-12.0000	0.0000	0.0000	0.0000	0.5974	0.0085
Impact	56	0.6760	0.5000	3.4653	0.6703	0.2257	1.3087	0.0000	0.0000	0.0000	0.0000	0.2913	0.0028
Impact	57	1.8199	0.7253	2.7745	1.4560	0.2812	1.0221	-12.0000	0.0000	0.0000	0.0000	0.5935	0.2341
Impact	58	0.8678	0.7139	3.4301	1.4906	0.3888	1.7278	0.0000	0.0000	0.0000	0.0000	0.5749	0.0227
Impact	59	0.7124	0.7088	3.1296	0.6953	0.3896	1.5537	-12.0000	0.0000	0.0000	0.0000	0.4616	0.0032
Impact	60	1.5384	0.4481	3.8814	0.9961	0.2262	1.2424	-12.0000	0.0000	0.0000	0.0000	0.3654	0.0108
Impact	61	1.1019	0.3937	3.1254	0.5654	0.3417	1.7241	-12.0000	0.0000	0.0000	0.0000	0.5581	0.0866
Impact	62	1.3021	0.8565	3.6439	1.1147	0.1991	1.3088	7.0000	0.0000	0.0000	0.0000	0.5393	0.2792
Impact	63	1.7166	0.5315	3.0431	0.7055	0.3921	0.6414	0.0000	0.0000	0.0000	0.0000	0.3358	0.0055
Impact	64	1.5488	0.8716	3.7217	1.3147	0.3252	1.7850	7.0000	0.0000	0.0000	0.0000	0.5067	0.3869
Impact	65	1.7752	0.6180	3.1840	0.9953	0.1435	0.6336	0.0000	0.0000	0.0000	0.0000	0.3910	0.2086
Impact	66	1.4787	0.3635	2.8500	1.0402	0.3898	1.1632	0.0000	0.0000	0.0000	0.0000	0.6381	0.2036
Impact	67	1.3696	0.8597	3.7185	1.4102	0.1942	1.1234	7.0000	0.0000	0.0000	0.0000	0.4461	0.2781
Impact	68	1.3063	0.5468	2.9352	0.7138	0.2207	1.5695	0.0000	0.0000	0.0000	0.0000	0.6738	0.4257
Impact	69	1.5878	0.3815	2.5575	1.1326	0.2369	0.7998	0.0000	0.0000	0.0000	0.0000	0.6826	0.3988
Impact	70	1.8003	0.7401	3.9062	0.8248	0.3384	1.1024	0.0000	0.0000	0.0000	0.0000	0.2692	0.2065
Impact	71	1.3266	0.7959	2.6088	1.1788	0.1495	1.1341	0.0000	0.0000	0.0000	0.0000	0.3466	0.0282
Impact	72	1.2422	0.3297	2.9390	0.8059	0.3647	1.2608	7.0000	0.0000	0.0000	0.0000	0.6955	0.0821
Impact	73	1.3836	0.6416	3.1303	1.3866	0.3870	1.5513	-12.0000	0.0000	0.0000	0.0000	0.2928	0.4713
Impact	74	1.3894	0.5495	3.4030	0.5028	0.1596	0.6950	0.0000	0.0000	0.0000	0.0000	0.3753	0.1903
Impact	75	1.5627	0.7369	3.9285	1.2155	0.3076	0.7737	0.0000	0.0000	0.0000	0.0000	0.2443	0.4173
Impact	76	0.9465	0.8171	3.6735	0.6204	0.1294	1.3645	7.0000	0.0000	0.0000	0.0000	0.4620	0.0801
Impact	77	0.6284	0.6453	3.3163	0.8548	0.3560	1.6749	0.0000	0.0000	0.0000	0.0000	0.2248	0.0485
Impact	78	1.1930	0.3434	2.5969	0.6711	0.3608	1.3241	0.0000	0.0000	0.0000	0.0000	0.3050	0.1019
Impact	79	1.1843	0.4102	2.6740	1.0606	0.3355	0.9921	-12.0000	0.0000	0.0000	0.0000	0.2952	0.2089
Impact	80	0.9250	0.8593	3.1274	1.2028	0.2558	1.4003	7.0000	0.0000	0.0000	0.0000	0.2220	0.0560
Impact	81	1.3839	0.3037	3.0710	0.8576	0.1594	1.7124	0.0000	0.0000	0.0000	0.0000	0.6888	0.1116
Impact	82	1.6278	0.7611	2.7081	0.5317	0.2909	1.7722	0.0000	0.0000	0.0000	0.0000	0.5104	0.0000
Impact	83	1.8254	0.4197	3.1182	0.7692	0.1060	0.7570	7.0000	0.0000	0.0000	0.0000	0.7552	0.0691
Impact	84	0.8395	0.6031	3.4793	0.6606	0.1177	1.1906	0.0000	0.0000	0.0000	0.0000	0.4456	0.1943
Impact	85	0.7118	0.8943	2.7408	0.7923	0.1418	1.6835	0.0000	0.0000	0.0000	0.0000	0.5349	0.0208
Impact	86	0.9545	0.4391	3.4818	1.4336	0.1329	0.8693	-12.0000	0.0000	0.0000	0.0000	0.7216	0.1286
Impact	87	1.3861	0.4988	2.7222	0.6530	0.3085	1.3477	0.0000	0.0000	0.0000	0.0000	0.3339	0.2927
Impact	88	1.1529	0.3363	3.3993	0.5263	0.2351	1.5378	7.0000	0.0000	0.0000	0.0000	0.4681	0.0550
Impact	89	1.4091	0.4083	3.3067	0.8251	0.3918	0.8741	0.0000	0.0000	0.0000	0.0000	0.3461	0.1251
Impact	90	1.5228	0.4951	2.8424	1.3071	0.3832	0.9627	0.0000	0.0000	0.0000	0.0000	0.6773	0.0156
Impact	91	1.6612	0.5571	3.4565	0.6651	0.2052	1.0893	-12.0000	0.0000	0.0000	0.0000	0.6042	0.1506
Impact	92	1.8713	0.7862	3.0295	0.5643	0.1077	0.9834	0.0000	0.0000	0.0000	0.0000	0.6630	0.2771
Impact	93	1.3822	0.3426	3.6820	1.1754	0.3030	1.7841	0.0000	0.0000	0.0000	0.0000	0.4448	0.3378
Impact	94	0.9701	0.4734	3.6495	0.8953	0.1565	1.1918	0.0000	0.0000	0.0000	0.0000	0.5922	0.1373
Impact	95	1.4787	0.4056	3.5332	1.0069	0.2108	1.3655	0.0000	0.0000	0.0000	0.0000	0.2711	0.0010
Impact	96	1.5331	0.7158	3.9347	0.7963	0.1142	1.0374	0.0000	0.0000	0.0000	0.0000	0.7306	0.0292
Impact	97	1.2155	0.6140	3.1220	1.0014	0.3321	1.5171	7.0000	0.0000	0.0000	0.0000	0.5636	0.1701
Impact	98	0.7164	0.7581	3.7730	1.4778	0.2304	0.7526	-12.0000	0.0000	0.0000	0.0000	0.3489	0.1413
Impact	99	1.3024	0.8245	2.5545	0.5330	0.3975	0.6253	0.0000	0.0000	0.0000	0.0000	0.6571	0.0494
Impact	100	0.8229	0.8358	3.9950	1.4202	0.3396	1.3890	7.0000	0.0000	0.0000	0.0000	0.7983	0.2515
Impact	101	0.9496	0.5312	3.0190	0.9623	0.1973	0.9270	-12.0000	0.0000	0.0000	0.0000	0.5069	0.3898
Impact	102	1.3553	0.6060	3.8603	1.0181	0.3655	0.7568	0.0000	0.0000	0.0000	0.0000	0.2983	0.4387
Impact	103	0.7871	0.5234	2.5622	0.8324	0.2195	1.4360	0.0000	0.0000	0.0000	0.0000	0.2242	0.2855
Impact	104	0.8403	0.7784	2.7745	1.0957	0.1434	0.6616	0.0000	0.0000	0.0000	0.0000	0.7712	0.2371
Impact	105	1.1646	0.4898	3.4795	1.0488	0.2615	1.2963	7.0000	0.0000	0.0000	0.0000	0.7206	0.2237
Impact	106	1.4877	0.6474	3.8041	0.6526	0.1528	1.3548	7.0000	0.0000	0.0000	0.0000	0.7422	0.0337
Impact	107	1.2411	0.7799	3.2395	0.5941	0.1131	1.1532	0.0000	0.0000	0.0000	0.0000	0.2355	0.0659
Impact	108	1.2106	0.5345	3.4728	1.1726	0.3606	0.9827	0.0000	0.0000	0.0000	0.0000	0.3890	0.0846
Impact	109	0.9173	0.4570	2.8729	0.7187	0.1452	0.9867	7.0000	0.0000	0.0000	0.0000	0.3318	0.0651
Impact	110	0.7715	0.3481	3.1825	1.2561	0.1980	0.6036	0.0000	0.0000	0.0000	0.0000	0.6832	0.0366
Impact	111	0.8898	0.8214	2.5192	0.7867	0.2787	0.9804	0.0000	0.0000	0.0000	0.0000	0.4126	0.0866
Impact	112	1.2780	0.6964	2.8463	1.4526	0.1400	1.5446	7.0000	0.0000	0.0000	0.0000	0.2223	0.0553
Impact	113	0.6479	0.7086	3.7816	0.8026	0.1551	0.6202	7.0000	0.0000	0.0000	0.0000	0.7918	0.3169
Impact	114	1.5891	0.3205	2.8044	1.0356	0.1476	1.5180	0.0000	0.0000	0.0000	0.0000	0.2466	0.0032
Impact	115	1.2507	0.5840	3.1725	1.0561	0.2076	1.5742	7.0000	0.0000	0.0000	0.0000	0.7749	0.0633
Impact	116	1.6198	0.3267	3.3852	0.9369	0.2712	1.1704	0.0000	0.0000	0.0000	0.0000	0.7636	0.0870
Impact	117	1.2549	0.6839	3.4506	0.8145	0.1267	1.3788	7.0000	0.0000	0.0000	0.0000	0.7568	0.0950
Impact	118	1.4782	0.3112	3.5982	0.6269	0.3583	1.4784	0.0000	0.0000	0.0000	0.0000	0.4098	0.0261
Impact	119	1.2897	0.6429	3.5887	1.3843	0.2615	1.6019	-12.0000	0.0000	0.0000	0.0000	0.5779	0.4960
Impact	120	0.7201	0.3379	2.8005	1.3913	0.2504	1.1649	7.0000	0.0000	0.0000	0.0000	0.6740	0.0348
Impact	121	1.5869	0.3432	2.9707	0.8621	0.2327	1.6454	7.0000	0.0000	0.0000	0.0000	0.4126	0.2490
Impact	122	0.7977	0.6065	3.7895	1.4881	0.3742	0.8506	7.0000	0.0000	0.0000	0.0000	0.2582	0.1590
Impact	123	0.9515	0.6386	2.6404	0.8091	0.1915	0.8386	7.0000	0.0000	0.0000	0.0000	0.4975	0.0398
Impact	124	1.7883	0.4330	3.8863	0.8246	0.3952	1.5451	0.0000	0.0000	0.0000	0.0000	0.5294	0.1407
Impact	125	1.6485	0.3030	3.3312	0.6844	0.3685	1.7084	0.0000	0.0000	0.0000	0.0000	0.3728	0.0004
Impact	126	0.7998	0.6296	3.6284	1.2060	0.3669	1.4879	0.0000	0.0000	0.0000	0.0000	0.2316	0.4136
Impact	127	1.8261	0.8201	3.2901	0.8166	0.1840	1.3871	-12.0000	0.0000	0.0000	0.0000	0.2085	0.0670
Impact	128	0.8275	0.3699	3.9051	1.3432	0.1862	1.2603	-12.0000	0.0000	0.0000	0.0000	0.7590	0.2260
Sweep	1	1.4671	0.0896	0.5815	3.3753	0.5796	0.9903	0.0000	0.0000	1.3147	0.2970	0.5502	0.0309
Sweep	2	2.0583	0.0553	0.6739	3.0209	0.7754	0.7109	0.0000	0.0000	0.7684	0.6825	0.4752	0.0934
Sweep	3	2.0895	0.0988	0.7729	3.9018	0.6684	1.7493	0.0000	0.0000	0.2663	0.5613	0.1610	0.0028
Sweep	4	1.6833	0.0432	1.4193	4.1229	0.7549	0.6743	0.0000	0.0000	1.1984	0.3851	0.2995	0.0003
Sweep	5	1.4312	0.0424	0.3781	4.1864	0.8662	1.1750	0.0000	0.0000	0.2731	0.4659	0.5892	0.0585
Sweep	6	1.8030	0.0165	1.2207	5.4230	0.5332	0.8870	0.0000	0.0000	0.6872	0.1750	0.2903	0.1118
Sweep	7	1.3348	0.0787	0.5575	4.5610	0.4008	0.9736	0.0000	0.0000	1.5205	0.1309	0.4807	0.0225
Sweep	8	1.6313	0.0095	0.6399	5.4887	0.4588	1.1131	0.0000	0.0000	1.4109	0.5687	0.1184	0.0122
Sweep	9	0.7745	0.0840	1.3300	3.7689	0.4984	1.2129	0.0000	0.0000	0.4717	0.1022	0.4026	0.0567
Sweep	10	0.8341	0.0025	0.4084	3.0037	0.7568	1.5946	0.0000	0.0000	1.6095	0.5679	0.5729	0.1529
Sweep	11	1.3661	0.0653	0.3143	3.0457	0.5150	1.1718	0.0000	0.0000	1.3054	0.2031	0.1382	0.1136
Sweep	12	2.0048	0.0384	0.7407	3.1783	0.4102	1.2623	0.0000	0.0000	1.3525	0.1912	0.4451	0.0612
Sweep	13	2.0430	0.0223	0.3344	4.2488	0.6812	1.1981	0.0000	0.0000	1.0788	0.4431	0.5935	0.1869
Sweep	14	1.2004	0.0718	0.7195	4.9674	0.6271	0.6768	0.0000	0.0000	1.4167	0.5177	0.2827	0.0011
Sweep	15	1.2156	0.0770	0.8145	3.3027	0.8385	0.7260	0.0000	0.0000	0.9111	0.2779	0.1869	0.0033
Sweep	16	2.1628	0.0496	1.2648	4.7105	0.6675	1.7504	0.0000	0.0000	0.3068	0.3213	0.1423	0.1061
Sweep	17	1.1998	0.0774	1.2286	4.0018	0.8229	1.0560	0.0000	0.0000	0.6446	0.2400	0.1851	0.0006
Sweep	18	1.0685	0.0626	0.3180	3.5375	0.7341	0.6827	0.0000	0.0000	1.2852	0.1975	0.4175	0.1677
Sweep	19	1.1324	0.0214	0.9312	3.8304	0.4311	1.5571	0.0000	0.0000	0.8021	0.3812	0.5439	0.0069
Sweep	20	1.4865	0.0350	0.3132	3.6199	0.4524	0.6202	0.0000	0.0000	1.1853	0.6371	0.2833	0.1014
Sweep	21	1.0087	0.0384	1.2312	3.4077	0.7519	1.4500	0.0000	0.0000	1.4556	0.3295	0.3341	0.0178
Sweep	22	2.2906	0.0035	0.4566	3.3785	0.8846	0.8935	0.0000	0.0000	1.5627	0.6891	0.3843	0.0001
Sweep	23	1.5834	0.0119	1.1930	5.2307	0.5202	1.6087	0.0000	0.0000	0.3033	0.4495	0.4114	0.0269
Sweep	24	2.4996	0.0528	0.5289	4.6190	0.4958	0.6323	0.0000	0.0000	1.5208	0.3994	0.3746	0.0001
Sweep	25	1.4873	0.0069	0.9632	3.6969	0.6279	1.1644	0.0000	0.0000	1.7184	0.2914	0.3990	0.0011
Sweep	26	1.4157	0.0895	1.2444	3.4509	0.9141	0.8016	0.0000	0.0000	0.6738	0.5248	0.5160	0.0727
Sweep	27	2.2596	0.0301	1.4062	3.0498	0.7785	1.5001	0.0000	0.0000	1.3520	0.4096	0.3042	0.0263
Sweep	28	2.3862	0.0502	0.4258	4.9001	0.5309	1.2419	0.0000	0.0000	0.5397	0.1004	0.2120	0.1952
Sweep	29	1.4442	0.0001	1.4162	4.1976	0.3890	1.2594	0.0000	0.0000	1.7191	0.4763	0.2395	0.0132
Sweep	30	1.6673	0.0926	0.3224	4.8713	0.3088	1.6474	0.0000	0.0000	1.2753	0.4898	0.5724	0.0913
Sweep	31	0.7758	0.0278	0.5983	3.1697	0.6191	1.5106	0.0000	0.0000	1.2262	0.6067	0.1659	0.1344
Sweep	32	1.7618	0.0561	1.4490	3.2730	0.3100	1.4453	0.0000	0.0000	1.2036	0.2378	0.3091	0.1160
Sweep	33	1.3815	0.0138	1.3145	5.2929	0.7981	1.2623	0.0000	0.0000	0.2746	0.1817	0.2889	0.0439
Sweep	34	0.8639	0.0610	0.7052	4.6529	0.3646	1.6677	0.0000	0.0000	1.3969	0.1210	0.5301	0.0684
Sweep	35	1.7551	0.0261	0.8834	5.0231	0.6215	0.6010	0.0000	0.0000	1.0790	0.2501	0.3751	0.0045
Sweep	36	1.4266	0.0267	0.7814	3.0714	0.6406	0.9772	0.0000	0.0000	1.0056	0.1353	0.3908	0.0427
Sweep	37	1.5144	0.0268	0.7883	5.4216	0.4037	0.7536	0.0000	0.0000	0.3139	0.6948	0.2930	0.1878
Sweep	38	2.4655	0.0476	0.7377	4.8195	0.4856	0.8855	0.0000	0.0000	1.0762	0.1409	0.4341	0.0244
Sweep	39	1.4988	0.0397	1.2590	3.5623	0.6116	0.7542	0.0000	0.0000	1.5638	0.6984	0.5504	0.0899
Sweep	40	2.2032	0.0114	0.4327	3.0054	0.5420	1.6325	0.0000	0.0000	1.0872	0.2795	0.5458	0.0535
Sweep	41	1.1471	0.0899	1.2933	3.5257	0.8645	1.4962	0.0000	0.0000	1.4103	0.5479	0.4187	0.1858
Sweep	42	2.1733	0.0421	0.5900	5.0350	0.5816	1.0600	0.0000	0.0000	1.1211	0.5821	0.1888	0.0313
Sweep	43	1.2400	0.0064	1.3874	4.2474	0.7054	1.7181	0.0000	0.0000	0.5796	0.5145	0.3284	0.1663
Sweep	44	0.8427	0.0068	1.0606	3.1788	0.7073	1.2722	0.0000	0.0000	0.5083	0.5201	0.5524	0.1003
Sweep	45	1.5001	0.0924	1.3671	3.8281	0.8031	1.1798	0.0000	0.0000	1.0805	0.3917	0.1149	0.0163
Sweep	46	1.4223	0.0298	0.5353	4.3491	0.7335	1.1221	0.0000	0.0000	0.6557	0.6870	0.1073	0.1285
Sweep	47	1.4311	0.0238	0.3335	4.2371	0.7305	1.1788	0.0000	0.0000	1.1602	0.1995	0.2773	0.1028
Sweep	48	0.9491	0.0623	1.0294	5.4976	0.3659	0.9956	0.0000	0.0000	0.8461	0.4717	0.5493	0.0079
Sweep	49	2.1893	0.0053	0.6413	5.1709	0.3567	1.3081	0.0000	0.0000	0.7879	0.5142	0.3495	0.0768
Sweep	50	1.8820	0.0289	0.8928	4.9965	0.3877	1.2807	0.0000	0.0000	1.6924	0.5156	0.2591	0.0216
Sweep	51	2.3709	0.0943	0.3438	3.4381	0.6352	0.6590	0.0000	0.0000	0.4756	0.4335	0.5359	0.1851
Sweep	52	2.4086	0.0124	0.8906	4.1929	0.8146	1.3992	0.0000	0.0000	0.4835	0.2329	0.3146	0.1912
Sweep	53	1.1241	0.0276	1.1930	4.0836	0.7035	0.6252	0.0000	0.0000	1.6110	0.1471	0.1441	0.1723
Sweep	54	1.7075	0.0285	1.1091	3.6357	0.4474	1.4179	0.0000	0.0000	0.3878	0.3419	0.2097	0.0518
Sweep	55	1.6252	0.0821	1.2421	3.8139	0.7153	1.5680	0.0000	0.0000	1.3720	0.4515	0.1988	0.0189
Sweep	56	2.1639	0.0976	1.2451	3.2978	0.4674	1.6755	0.0000	0.0000	1.5709	0.5838	0.3573	0.0001
Sweep	57	2.1391	0.0942	1.1055	5.1804	0.6770	1.4837	0.0000	0.0000	1.2751	0.2207	0.5875	0.0807
Sweep	58	1.0291	0.0428	1.0368	3.3599	0.5970	1.5578	0.0000	0.0000	0.4331	0.1791	0.2110	0.1406
Sweep	59	1.9649	0.0287	0.5869	3.8189	0.4704	0.8293	0.0000	0.0000	1.5756	0.2283	0.2366	0.0149
Sweep	60	0.7509	0.0341	0.9339	4.5912	0.8446	1.4568	0.0000	0.0000	0.6744	0.5591	0.5182	0.1622
Sweep	61	0.9632	0.0785	1.4926	4.5562	0.7596	0.7098	0.0000	0.0000	1.1536	0.4134	0.5329	0.0850
Sweep	62	1.3683	0.0402	0.5086	5.2213	0.3914	1.5841	0.0000	0.0000	1.6353	0.4409	0.1708	0.1360
Sweep	63	1.9061	0.0314	0.3585	4.9639	0.8212	1.5692	0.0000	0.0000	0.7743	0.1397	0.1393	0.0038
Sweep	64	1.8005	0.0372	0.5571	4.6834	0.4510	1.6742	0.0000	0.0000	0.4105	0.5376	0.4939	0.1074
Sweep	65	1.3773	0.0216	1.4408	5.3129	0.7308	0.6854	0.0000	0.0000	0.4633	0.6597	0.5156	0.1979
Sweep	66	1.2464	0.0114	0.6612	3.0716	0.9180	1.2366	0.0000	0.0000	1.4391	0.1596	0.3070	0.0044
Sweep	67	1.9005	0.0898	1.2913	4.1532	0.8663	1.6114	0.0000	0.0000	0.6884	0.5299	0.2382	0.0500
Sweep	68	1.2365	0.0057	0.6793	3.9007	0.8663	0.8614	0.0000	0.0000	1.4441	0.6172	0.5343	0.0001
Sweep	69	0.8337	0.0672	0.5079	4.0294	0.4759	1.6262	0.0000	0.0000	1.1400	0.1023	0.4840	0.0224
Sweep	70	2.2577	0.0580	0.9223	5.2487	0.6141	1.7169	0.0000	0.0000	0.3743	0.6404	0.2585	0.0415
Sweep	71	1.9124	0.0362	0.7773	5.3558	0.5744	1.1719	0.0000	0.0000	1.7316	0.6814	0.2814	0.0395
Sweep	72	0.8432	0.0189	0.4451	4.7502	0.6367	1.4098	0.0000	0.0000	1.1391	0.3804	0.4237	0.0259
Sweep	73	1.9512	0.0609	0.6452	4.1456	0.8959	1.7649	0.0000	0.0000	0.3675	0.3685	0.1468	0.1342
Sweep	74	1.0699	0.0904	1.0353	3.4808	0.7446	0.9000	0.0000	0.0000	1.6406	0.6473	0.2169	0.0772
Sweep	75	1.1954	0.0079	0.6300	3.8290	0.5513	0.6386	0.0000	0.0000	1.4597	0.6665	0.4874	0.0190
Sweep	76	1.6328	0.0795	0.6655	4.1722	0.8100	0.9917	0.0000	0.0000	1.0423	0.6036	0.5745	0.1710
Sweep	77	1.3449	0.0774	0.9421	3.3001	0.5315	0.7559	0.0000	0.0000	0.3951	0.4571	0.1085	0.1055
Sweep	78	1.4504	0.0949	0.6666	4.5595	0.4475	1.2565	0.0000	0.0000	0.9110	0.1487	0.1161	0.0050
Sweep	79	1.3906	0.0278	1.2271	3.1370	0.8410	1.2298	0.0000	0.0000	1.6306	0.6010	0.5400	0.1727
Sweep	80	1.0201	0.0671	0.3947	3.7680	0.3944	1.3846	0.0000	0.0000	0.8134	0.6387	0.2863	0.0172
Sweep	81	2.2047	0.0672	1.3172	5.1634	0.7343	1.7791	0.0000	0.0000	1.4732	0.1508	0.3574	0.0534
Sweep	82	1.3499	0.0622	0.4969	4.0097	0.8756	0.9954	0.0000	0.0000	0.8369	0.4784	0.5077	0.0829
Sweep	83	1.2561	0.0452	1.0975	5.4535	0.6513	1.5656	0.0000	0.0000	1.0364	0.1986	0.4309	0.0800
Sweep	84	1.8294	0.0921	0.6416	3.0932	0.6366	1.5132	0.0000	0.0000	1.0507	0.4273	0.3679	0.1652
Sweep	85	1.3218	0.0316	0.7522	5.3204	0.4200	0.6563	0.0000	0.0000	0.7061	0.6218	0.5176	0.0773
Sweep	86	2.4896	0.0827	1.1594	3.1444	0.5170	1.3864	0.0000	0.0000	1.6245	0.5768	0.3192	0.0064
Sweep	87	1.2159	0.0710	0.4120	3.4725	0.5172	1.0505	0.0000	0.0000	1.5471	0.1082	0.4437	0.1859
Sweep	88	0.8972	0.0625	0.6987	4.3958	0.6431	1.6945	0.0000	0.0000	0.9329	0.6479	0.5468	0.0167
Sweep	89	1.2649	0.0262	1.2966	3.6018	0.9105	1.5760	0.0000	0.0000	0.7803	0.1278	0.3410	0.1488
Sweep	90	2.1327	0.0568	1.4112	3.8791	0.9024	0.7665	0.0000	0.0000	0.3880	0.6288	0.5128	0.0659
Sweep	91	1.3983	0.0175	1.2907	3.1561	0.9354	1.6359	0.0000	0.0000	0.5048	0.3989	0.5905	0.1354
Sweep	92	1.7724	0.0568	1.4549	4.1148	0.5965	1.6280	0.0000	0.0000	0.8542	0.1916	0.5983	0.0720
Sweep	93	2.0620	0.0242	1.3038	3.2350	0.8491	1.0213	0.0000	0.0000	0.6568	0.6542	0.5858	0.1029
Sweep	94	2.1075	0.0192	1.2440	4.1548	0.3405	1.5992	0.0000	0.0000	1.4671	0.6352	0.4585	0.1572
Sweep	95	1.3390	0.0951	0.6853	4.9886	0.7167	0.7911	0.0000	0.0000	1.6924	0.5661	0.5787	0.0952
Sweep	96	1.2861	0.0044	1.2757	3.5178	0.8729	1.4709	0.0000	0.0000	0.6219	0.5221	0.5836	0.0068
Sweep	97	2.1292	0.0040	0.6341	3.3238	0.4393	1.6017	0.0000	0.0000	1.1315	0.2877	0.1502	0.0003
Sweep	98	1.6146	0.0396	0.5932	4.1090	0.8627	0.6218	0.0000	0.0000	0.5736	0.1921	0.2799	0.0812
Sweep	99	1.9132	0.0653	1.4440	3.7838	0.5252	0.8857	0.0000	0.0000	1.5237	0.6518	0.4867	0.0847
Sweep	100	1.0389	0.0067	0.7344	5.3338	0.4109	1.5015	0.0000	0.0000	0.3987	0.2123	0.4670	0.0039
Sweep	101	1.3349	0.0444	0.4710	3.5112	0.6024	0.7986	0.0000	0.0000	0.6749	0.1329	0.3466	0.0031
Sweep	102	2.4817	0.0285	1.4608	4.4842	0.8724	0.8131	0.0000	0.0000	1.5380	0.5314	0.5900	0.0404
Sweep	103	1.9287	0.0552	0.5078	5.0081	0.9089	1.4458	0.0000	0.0000	1.5217	0.3616	0.4442	0.0057
Sweep	104	1.3508	0.0242	0.3905	4.0399	0.4058	1.1749	0.0000	0.0000	0.7917	0.3677	0.4791	0.0207
Sweep	105	0.8784	0.0425	0.5886	3.1180	0.8546	0.9064	0.0000	0.0000	1.5387	0.3656	0.4107	0.1881
Sweep	106	2.1829	0.0640	1.3105	4.8133	0.7781	0.7700	0.0000	0.0000	1.4929	0.5925	0.4063	0.0029
Sweep	107	1.3855	0.0998	0.4017	5.2934	0.9282	1.3579	0.0000	0.0000	1.1383	0.2821	0.1023	0.0000
Sweep	108	1.7251	0.0264	1.0568	4.2320	0.4551	1.4958	0.0000	0.0000	0.4160	0.6101	0.2383	0.0007
Sweep	109	1.0782	0.0852	1.0129	3.3352	0.8972	1.4047	0.0000	0.0000	1.6274	0.2982	0.2217	0.1146
Sweep	110	1.6192	0.0126	0.8609	4.5609	0.5047	1.3991	0.0000	0.0000	1.4301	0.6917	0.3127	0.1802
Sweep	111	0.7523	0.0687	1.3539	5.1544	0.4496	1.2933	0.0000	0.0000	0.6608	0.5932	0.2021	0.1062
Sweep	112	1.4618	0.0992	1.1667	3.6556	0.5354	1.6903	0.0000	0.0000	0.4442	0.2065	0.5405	0.1743
Sweep	113	1.1377	0.0678	1.0860	5.0231	0.4221	1.6461	0.0000	0.0000	0.5853	0.5246	0.1999	0.0569
Sweep	114	0.8549	0.0774	0.7384	4.6318	0.5036	1.0642	0.0000	0.0000	0.5019	0.6253	0.1858	0.0137
Sweep	115	2.2912	0.0897	0.7667	3.2246	0.3271	0.8986	0.0000	0.0000	0.5295	0.5814	0.4508	0.0931
Sweep	116	1.0670	0.0659	0.4188	3.1819	0.5479	1.7029	0.0000	0.0000	0.6485	0.5140	0.1999	0.0286
Sweep	117	0.7934	0.0944	0.7322	4.0062	0.5881	0.9129	0.0000	0.0000	0.6062	0.3273	0.4381	0.1220
Sweep	118	2.1304	0.0361	0.7552	4.4808	0.9028	0.6481	0.0000	0.0000	1.1046	0.2245	0.5338	0.0820
Sweep	119	0.9388	0.0207	1.1644	5.2241	0.8905	1.2503	0.0000	0.0000	0.2552	0.1642	0.1380	0.0092
Sweep	120	1.5333	0.0575	1.2495	5.3661	0.5348	1.2992	0.0000	0.0000	0.9450	0.6633	0.5835	0.0109
Sweep	121	2.3716	0.0899	1.0282	3.0805	0.9246	0.9138	0.0000	0.0000	0.9623	0.2506	0.2315	0.0464
Sweep	122	1.8736	0.0960	0.8706	3.5556	0.8017	1.7151	0.0000	0.0000	1.6382	0.2328	0.5429	0.0425
Sweep	123	0.8268	0.0600	0.9816	4.2940	0.6870	0.6840	0.0000	0.0000	0.2634	0.6279	0.4060	0.1428
Sweep	124	1.0648	0.0594	0.6958	5.1207	0.7433	0.6138	0.0000	0.0000	0.6745	0.2238	0.2435	0.0003
Sweep	125	1.7099	0.0912	0.4538	3.1668	0.5178	1.7817	0.0000	0.0000	0.2914	0.3886	0.3044	0.0267
Sweep	126	2.3100	0.0098	1.2925	3.5852	0.4350	0.6012	0.0000	0.0000	1.5130	0.2023	0.4878	0.0124
Sweep	127	1.3680	0.0667	1.2695	4.7938	0.4255	1.3352	0.0000	0.0000	0.4664	0.5773	0.4463	0.1013
Sweep	128	1.0408	0.0301	1.3004	5.2146	0.4252	0.6975	0.0000	0.0000	1.4058	0.3283	0.4099	0.0095
Sweep	129	1.5105	0.0777	0.5076	4.6796	0.8206	1.7276	0.0000	0.0000	0.4981	0.1650	0.2985	0.0120
Sweep	130	1.4144	0.0530	0.4325	3.5530	0.5824	1.3636	0.0000	0.0000	0.3699	0.1005	0.1143	0.1674
Sweep	131	1.7951	0.0511	0.8203	5.2302	0.9254	1.6137	0.0000	0.0000	1.2414	0.6191	0.5591	0.0973
Sweep	132	0.8453	0.0838	0.7291	5.4926	0.8360	1.2761	0.0000	0.0000	0.5625	0.1268	0.5568	0.1045
Sweep	133	2.2145	0.0832	0.3545	4.7159	0.9414	1.7951	0.0000	0.0000	0.4636	0.3728	0.4612	0.0168
Sweep	134	1.8666	0.0736	0.7344	3.7439	0.6171	1.0567	0.0000	0.0000	1.3409	0.6487	0.3896	0.0044
Sweep	135	1.9964	0.0496	0.5921	3.4424	0.5876	1.6074	0.0000	0.0000	1.7124	0.4426	0.4874	0.0313
Sweep	136	2.3434	0.0102	0.5330	4.3542	0.4496	1.4184	0.0000	0.0000	0.5850	0.4559	0.4776	0.0426
Sweep	137	1.4528	0.0425	1.3777	3.5859	0.6841	1.4297	0.0000	0.0000	1.4385	0.1254	0.1576	0.1463
Sweep	138	2.0795	0.0115	0.9457	3.5599	0.3197	0.7466	0.0000	0.0000	0.4737	0.2494	0.5951	0.0290
Sweep	139	1.2972	0.0657	1.0812	3.3373	0.9486	0.9815	0.0000	0.0000	0.4556	0.3003	0.4802	0.0745
Sweep	140	1.6204	0.0692	0.5915	3.0612	0.4359	1.6224	0.0000	0.0000	1.0170	0.6161	0.1418	0.1072
Sweep	141	0.9826	0.0568	0.4693	4.4806	0.6622	0.6718	0.0000	0.0000	0.4608	0.1086	0.4858	0.0011
Sweep	142	1.7223	0.0133	1.1104	5.2215	0.8651	1.3337	0.0000	0.0000	0.8106	0.4022	0.4028	0.0681
Sweep	143	1.5402	0.0281	0.5346	4.4122	0.6239	1.4833	0.0000	0.0000	1.2841	0.5598	0.5079	0.1544
Sweep	144	0.8461	0.0109	0.4302	4.7534	0.5756	1.3492	0.0000	0.0000	0.4271	0.5896	0.1822	0.0043
Sweep	145	1.2987	0.0318	1.0843	3.8016	0.9356	1.6506	0.0000	0.0000	1.7343	0.3256	0.4389	0.0204
Sweep	146	1.1205	0.0989	0.7181	3.0771	0.9282	1.0461	0.0000	0.0000	1.2877	0.1651	0.1680	0.0496
Sweep	147	2.3414	0.0814	0.9060	3.9832	0.4930	1.1205	0.0000	0.0000	1.2362	0.6557	0.3798	0.0446
Sweep	148	1.8065	0.0145	0.4624	3.5624	0.8776	1.4899	0.0000	0.0000	0.3755	0.5215	0.5584	0.0083
Sweep	149	0.9916	0.0620	1.0691	3.2252	0.7750	0.9614	0.0000	0.0000	0.8285	0.5604	0.2966	0.0128
Sweep	150	2.4458	0.0889	0.4576	3.8158	0.9302	0.6609	0.0000	0.0000	1.4077	0.3549	0.3402	0.0018
Sweep	151	1.5800	0.0645	1.2742	3.3162	0.5889	0.9552	0.0000	0.0000	0.6603	0.1906	0.5505	0.1490
Sweep	152	1.2348	0.0619	0.8014	3.8562	0.5732	1.2244	0.0000	0.0000	1.5415	0.4176	0.5733	0.1174
Sweep	153	2.3416	0.0995	0.8716	3.4602	0.3616	1.1067	0.0000	0.0000	0.2807	0.2932	0.3087	0.1841
Sweep	154	2.0260	0.0810	0.6687	4.1150	0.4715	0.6061	0.0000	0.0000	1.7332	0.5506	0.1583	0.1356
Sweep	155	2.3764	0.0102	0.8458	4.1779	0.3686	1.5275	0.0000	0.0000	1.3912	0.3155	0.4581	0.0843
Sweep	156	2.2634	0.0850	1.4502	5.0785	0.6348	1.1487	0.0000	0.0000	0.7065	0.4403	0.3287	0.1898
Sweep	157	2.0220	0.0207	1.0204	3.1365	0.8357	1.1782	0.0000	0.0000	1.0146	0.4534	0.3131	0.0194
Sweep	158	2.4901	0.0855	0.8123	3.4489	0.3482	1.2057	0.0000	0.0000	0.9591	0.5549	0.1263	0.0746
Sweep	159	0.9058	0.0328	1.3658	4.2467	0.7890	1.4134	0.0000	0.0000	1.1826	0.6657	0.1209	0.0803
Sweep	160	0.9650	0.0859	0.6375	4.7194	0.3105	0.6689	0.0000	0.0000	1.4301	0.4125	0.4142	0.0568
Sweep	161	0.7679	0.0109	1.2702	3.6430	0.5092	0.9827	0.0000	0.0000	0.9844	0.5617	0.4318	0.1957
Sweep	162	2.3634	0.0719	1.0333	4.3401	0.9040	0.7216	0.0000	0.0000	0.4129	0.5266	0.2296	0.0014
Sweep	163	1.2395	0.0889	0.6682	3.5561	0.3235	0.7426	0.0000	0.0000	1.7363	0.6434	0.3394	0.0005
Sweep	164	1.3197	0.0645	1.4370	5.4133	0.8825	1.5436	0.0000	0.0000	0.3127	0.6901	0.2791	0.0002
Sweep	165	1.9232	0.0699	0.9425	4.6708	0.8361	1.4243	0.0000	0.0000	0.5306	0.5155	0.5886	0.0011
Sweep	166	1.6241	0.0236	0.8450	4.8250	0.6630	1.2216	0.0000	0.0000	0.6592	0.4872	0.5615	0.0312
Sweep	167	1.5639	0.0195	0.9066	3.7701	0.3728	0.8668	0.0000	0.0000	1.2100	0.2810	0.1159	0.1741
Sweep	168	1.1305	0.0999	0.6263	3.6984	0.6955	0.8954	0.0000	0.0000	0.6415	0.5856	0.1730	0.0739
Sweep	169	1.9602	0.0778	1.4813	3.0021	0.6906	0.8657	0.0000	0.0000	0.2699	0.6451	0.2252	0.1375
Sweep	170	2.2436	0.0796	0.3356	5.3398	0.3570	1.6949	0.0000	0.0000	0.3823	0.2258	0.2865	0.0254
Sweep	171	1.6680	0.0623	0.9379	3.4707	0.5995	1.6849	0.0000	0.0000	1.1258	0.2597	0.4735	0.0242
Sweep	172	2.0689	0.0558	1.2713	3.5279	0.4475	1.0564	0.0000	0.0000	0.4793	0.6091	0.1017	0.0158
Sweep	173	2.1679	0.0919	0.5111	3.8200	0.4494	1.1254	0.0000	0.0000	1.1656	0.1339	0.1059	0.0315
Sweep	174	1.1244	0.0183	0.8591	3.2193	0.5743	1.2256	0.0000	0.0000	1.7451	0.1262	0.4527	0.0881
Sweep	175	2.2377	0.0928	0.8636	3.0149	0.4351	0.8986	0.0000	0.0000	1.3062	0.4985	0.5805	0.0129
Sweep	176	1.2211	0.0720	0.9419	3.4205	0.6144	1.0363	0.0000	0.0000	0.5584	0.6234	0.5720	0.1231
Sweep	177	2.0930	0.0718	1.3553	4.0060	0.6011	1.1482	0.0000	0.0000	0.3122	0.6299	0.5908	0.0356
Sweep	178	2.1612	0.0546	0.7554	3.9123	0.5511	1.2955	0.0000	0.0000	0.6557	0.6426	0.2137	0.0181
Sweep	179	1.0352	0.0605	0.7800	4.6208	0.5742	1.6284	0.0000	0.0000	1.5514	0.4503	0.3672	0.0172
Sweep	180	1.6817	0.0156	0.4998	4.5284	0.5178	0.9535	0.0000	0.0000	1.2343	0.1068	0.3783	0.0791
Sweep	181	1.8941	0.0760	1.2868	3.8236	0.9257	1.3355	0.0000	0.0000	0.4918	0.3895	0.2289	0.1822
Sweep	182	1.7417	0.0728	0.7984	3.4512	0.6846	1.7958	0.0000	0.0000	1.5370	0.2813	0.1015	0.0505
Sweep	183	1.5553	0.0323	0.3523	5.0683	0.8032	1.4674	0.0000	0.0000	1.5547	0.3498	0.2969	0.0313
Sweep	184	1.1102	0.0378	1.0838	3.2542	0.7346	1.7925	0.0000	0.0000	1.1037	0.5922	0.1038	0.1006
Sweep	185	1.8370	0.0597	1.1644	4.9594	0.6073	0.9279	0.0000	0.0000	0.4505	0.4882	0.4101	0.1689
Sweep	186	0.9252	0.0854	0.9983	3.8935	0.4061	1.5260	0.0000	0.0000	1.0068	0.1278	0.5718	0.0057
Sweep	187	2.4839	0.0326	1.3877	4.1504	0.8870	0.7326	0.0000	0.0000	1.1724	0.3955	0.4095	0.0015
Sweep	188	0.9492	0.0150	1.3544	5.3078	0.5550	0.7327	0.0000	0.0000	1.4971	0.3998	0.4149	0.0833
Sweep	189	2.0418	0.0081	1.3718	3.1715	0.6250	0.8637	0.0000	0.0000	1.1705	0.4520	0.4225	0.1777
Sweep	190	0.8181	0.0092	0.3402	5.2332	0.4233	0.6715	0.0000	0.0000	0.6393	0.3021	0.2656	0.0762
Sweep	191	1.2587	0.0957	0.4057	4.5680	0.6689	1.7021	0.0000	0.0000	0.6878	0.4202	0.3981	0.1540
Sweep	192	2.3990	0.0992	0.4097	4.7697	0.3304	1.1648	0.0000	0.0000	1.5902	0.4928	0.3056	0.0016
Sweep	193	1.4500	0.0344	1.3425	4.4242	0.3511	1.1917	0.0000	0.0000	1.6610	0.5305	0.5024	0.0720
Sweep	194	1.5722	0.0355	1.1381	5.3246	0.4564	1.7823	0.0000	0.0000	1.4860	0.4274	0.3429	0.0792
Sweep	195	1.0169	0.0576	1.1758	3.6265	0.4212	1.1561	0.0000	0.0000	1.4762	0.5541	0.1409	0.1041
Sweep	196	0.8794	0.0906	0.9368	5.0584	0.4256	0.6491	0.0000	0.0000	0.6924	0.4380	0.2697	0.0714
Sweep	197	1.5490	0.0706	1.2053	4.2250	0.6408	1.1922	0.0000	0.0000	0.3850	0.1877	0.5010	0.0842
Sweep	198	1.5535	0.0019	0.6121	4.0726	0.3648	1.3983	0.0000	0.0000	0.8432	0.3910	0.5387	0.0026
Sweep	199	1.3576	0.0535	0.6813	4.6974	0.4085	1.7254	0.0000	0.0000	1.3068	0.5483	0.5175	0.1242
Sweep	200	0.7724	0.0253	1.4364	3.7445	0.3273	1.6732	0.0000	0.0000	1.3385	0.1658	0.5979	0.0341
Sweep	201	1.2728	0.0974	1.4352	3.2098	0.5832	1.1234	0.0000	0.0000	1.0983	0.1220	0.2437	0.1666
Sweep	202	2.0974	0.0782	1.2779	5.2444	0.3524	1.5376	0.0000	0.0000	1.1386	0.6821	0.5315	0.0044
Sweep	203	1.9527	0.0163	0.4451	3.7050	0.8944	1.5036	0.0000	0.0000	1.4256	0.1380	0.4261	0.0307
Sweep	204	1.9346	0.0802	0.3557	3.7619	0.5771	0.8117	0.0000	0.0000	1.1498	0.6642	0.4566	0.0021
Sweep	205	2.4888	0.0687	0.3839	3.6665	0.7657	1.4809	0.0000	0.0000	1.4171	0.6131	0.2227	0.0006
Sweep	206	2.0299	0.0074	1.2041	3.8607	0.6844	1.6650	0.0000	0.0000	0.2954	0.3411	0.1735	0.1062
Sweep	207	0.8091	0.0204	1.1905	3.8818	0.8818	0.8416	0.0000	0.0000	0.8839	0.6968	0.5486	0.0661
Sweep	208	1.3177	0.0155	0.6500	3.6548	0.3512	1.1588	0.0000	0.0000	1.1023	0.2418	0.1894	0.0313
Sweep	209	1.5371	0.0867	0.9983	4.1980	0.5734	0.6757	0.0000	0.0000	1.5910	0.5855	0.1528	0.1537
Sweep	210	1.3730	0.0276	1.4323	3.0349	0.7364	1.0628	0.0000	0.0000	0.4659	0.3377	0.2993	0.1498
Sweep	211	0.8667	0.0852	1.0387	5.1313	0.4175	0.6433	0.0000	0.0000	1.1013	0.5162	0.4957	0.1973
Sweep	212	2.4039	0.0406	1.4034	4.5900	0.6259	1.0772	0.0000	0.0000	0.3721	0.3866	0.4298	0.1717
Sweep	213	1.7997	0.0570	1.2069	4.8113	0.4545	1.6015	0.0000	0.0000	0.6754	0.2379	0.1228	0.0744
Sweep	214	1.1407	0.0329	1.2264	4.0010	0.6992	0.8916	0.0000	0.0000	0.9392	0.2786	0.5881	0.0396
Sweep	215	1.1036	0.0635	1.2052	3.5203	0.5463	1.2698	0.0000	0.0000	0.5787	0.3549	0.5438	0.1077
Sweep	216	1.6072	0.0283	0.9063	4.2032	0.9491	1.2063	0.0000	0.0000	0.5808	0.6311	0.2243	0.0640
Sweep	217	1.8682	0.0333	0.6496	3.6486	0.7927	0.9574	0.0000	0.0000	1.6952	0.1431	0.1771	0.0000
Sweep	218	2.2783	0.0306	0.9541	3.1550	0.8607	0.6080	0.0000	0.0000	0.4470	0.4312	0.1578	0.0340
Sweep	219	1.4178	0.0856	0.6598	5.1806	0.5182	0.9532	0.0000	0.0000	0.5618	0.4245	0.1846	0.0027
Sweep	220	1.6026	0.0552	0.5462	5.4153	0.6663	0.9403	0.0000	0.0000	1.1735	0.6323	0.4838	0.0916
Sweep	221	1.6499	0.0155	0.8938	3.8989	0.7310	0.8030	0.0000	0.0000	1.7168	0.6050	0.3139	0.0403
Sweep	222	1.9101	0.0148	0.5067	4.5362	0.8272	1.1485	0.0000	0.0000	0.9310	0.3036	0.4046	0.0031
Sweep	223	0.8225	0.0340	1.1965	4.0720	0.6324	0.6340	0.0000	0.0000	0.6800	0.2839	0.3241	0.0003
Sweep	224	1.3808	0.0818	0.8300	4.6567	0.7199	1.4663	0.0000	0.0000	0.2965	0.4445	0.2540	0.1878
Sweep	225	1.3396	0.0517	1.2761	3.4244	0.9320	1.0490	0.0000	0.0000	0.8373	0.1572	0.4775	0.1892
Sweep	226	0.8704	0.0187	1.1880	3.7060	0.8516	1.7865	0.0000	0.0000	0.6249	0.4806	0.5643	0.0610
Sweep	227	2.4956	0.0895	0.7060	5.3934	0.7981	0.8245	0.0000	0.0000	1.2434	0.3510	0.4069	0.0703
Sweep	228	2.3576	0.0925	0.7721	4.0116	0.6765	1.2141	0.0000	0.0000	0.3736	0.3182	0.1932	0.0638
Sweep	229	1.3993	0.0989	0.4672	4.7635	0.5496	1.7539	0.0000	0.0000	1.3524	0.3384	0.5632	0.0824
Sweep	230	1.2140	0.0376	1.3285	4.5338	0.5564	1.4891	0.0000	0.0000	1.3740	0.2734	0.4164	0.0762
Sweep	231	1.0091	0.0859	0.9457	4.3413	0.7660	1.6908	0.0000	0.0000	1.1661	0.5031	0.5334	0.0136
Sweep	232	2.3984	0.0174	0.5746	5.1828	0.7646	1.2232	0.0000	0.0000	1.4993	0.1967	0.5387	0.0879
Sweep	233	2.0882	0.0148	0.7633	4.2371	0.3707	1.5014	0.0000	0.0000	0.7752	0.5905	0.5500	0.1455
Sweep	234	1.5515	0.0918	0.3968	4.0459	0.9283	1.4025	0.0000	0.0000	1.3165	0.6162	0.5663	0.0480
Sweep	235	2.0906	0.0666	1.4863	4.0017	0.4444	0.8186	0.0000	0.0000	1.0702	0.6306	0.3661	0.0291
Sweep	236	2.3216	0.0285	0.4436	3.8248	0.4064	0.6591	0.0000	0.0000	1.6196	0.5421	0.3895	0.0237
Sweep	237	1.2521	0.0228	0.7687	3.6234	0.5320	0.8113	0.0000	0.0000	1.0045	0.5591	0.1172	0.0055
Sweep	238	1.4826	0.0548	0.6598	4.8367	0.3409	1.0333	0.0000	0.0000	1.5772	0.6891	0.2221	0.0043
Sweep	239	1.2745	0.0347	1.0460	3.9720	0.8462	1.2989	0.0000	0.0000	0.6459	0.6909	0.2424	0.0347
Sweep	240	2.4944	0.0276	0.8733	4.9820	0.4209	1.2255	0.0000	0.0000	0.6739	0.4648	0.2071	0.1592
Sweep	241	1.7092	0.0052	0.3783	4.6725	0.3838	0.8809	0.0000	0.0000	1.4625	0.3695	0.3908	0.0199
Sweep	242	1.5892	0.0691	0.3206	5.3329	0.8788	0.6115	0.0000	0.0000	0.2743	0.6994	0.3045	0.0120
Sweep	243	1.0034	0.0398	1.4272	3.7569	0.5695	1.3888	0.0000	0.0000	1.0023	0.3051	0.2569	0.0748
Sweep	244	2.1839	0.0131	0.5178	3.0733	0.3823	1.1959	0.0000	0.0000	1.5600	0.3182	0.5857	0.0028
Sweep	245	1.5658	0.0850	0.3999	3.6139	0.8972	0.8566	0.0000	0.0000	0.2629	0.2196	0.4889	0.0787
Sweep	246	2.2907	0.0533	1.4971	3.4621	0.6146	1.7729	0.0000	0.0000	0.7274	0.3944	0.4380	0.1022
Sweep	247	1.1914	0.0627	1.3598	4.7340	0.9436	1.5954	0.0000	0.0000	0.8489	0.6422	0.2738	0.0181
Sweep	248	1.0704	0.0229	0.3757	4.7671	0.6729	0.8434	0.0000	0.0000	1.6999	0.4594	0.3368	0.1862
Sweep	249	1.5366	0.0778	0.5129	5.2031	0.9068	1.5308	0.0000	0.0000	1.0127	0.3003	0.1251	0.1539
Sweep	250	2.0736	0.0518	0.8075	5.1620	0.7170	1.6798	0.0000	0.0000	0.4220	0.3702	0.3425	0.0403
Sweep	251	1.8474	0.0920	0.5749	3.1934	0.8569	1.0144	0.0000	0.0000	0.6353	0.4008	0.1757	0.0103
Sweep	252	1.0018	0.0222	0.6263	4.8201	0.4231	1.0064	0.0000	0.0000	1.1770	0.6823	0.5969	0.0205
Sweep	253	0.9501	0.0959	0.7430	4.6694	0.7456	0.7001	0.0000	0.0000	1.0658	0.4777	0.2924	0.0877
Sweep	254	1.8800	0.0177	1.0479	3.0606	0.4947	1.1354	0.0000	0.0000	0.7403	0.6115	0.2918	0.0552
Sweep	255	1.1109	0.0015	1.4576	3.0987	0.4428	1.5634	0.0000	0.0000	0.7395	0.5033	0.3511	0.1771
Sweep	256	1.4899	0.0228	1.0585	4.0534	0.6797	1.5704	0.0000	0.0000	1.6977	0.5891	0.1942	0.0557
FormantShot	1	1.1783	1.0000	0.0000	0.0000	0.6690	0.8634	0.0000	0.0000	0.7730	0.0000	0.4626	0.0000
FormantShot	2	0.5040	1.0000	0.0000	0.0000	0.6044	1.8574	5.0000	0.0000	0.8785	0.0000	0.2493	0.0000
FormantShot	3	1.9191	1.0000	0.0000	0.0000	0.7884	0.6013	5.0000	0.0000	0.1243	0.0000	0.4215	0.0000
FormantShot	4	1.0704	1.0000	0.0000	0.0000	0.5979	0.7594	0.0000	0.0000	0.3697	0.0000	0.3589	0.0000
FormantShot	5	1.7850	1.0000	0.0000	0.0000	0.7865	1.4955	5.0000	0.0000	0.5132	0.0000	0.2068	0.0000
FormantShot	6	1.7394	1.0000	0.0000	0.0000	0.5710	0.8431	0.0000	0.0000	0.5177	0.0000	0.4886	0.0000
FormantShot	7	1.9159	1.0000	0.0000	0.0000	0.8869	0.9753	12.0000	0.0000	0.7849	0.0000	0.4071	0.0000
FormantShot	8	1.2094	1.0000	0.0000	0.0000	0.8133	1.4830	7.0000	0.0000	0.9523	0.0000	0.2340	0.0000
FormantShot	9	1.1802	1.0000	0.0000	0.0000	0.4372	1.2267	12.0000	0.0000	0.5921	0.0000	0.4203	0.0000
FormantShot	10	1.5227	1.0000	0.0000	0.0000	0.8757	1.8951	5.0000	0.0000	0.9616	0.0000	0.3582	0.0000
FormantShot	11	0.9854	1.0000	0.0000	0.0000	0.3310	1.3357	12.0000	0.0000	0.9625	0.0000	0.2539	0.0000
FormantShot	12	0.6816	1.0000	0.0000	0.0000	0.8977	1.1866	7.0000	0.0000	0.4388	0.0000	0.3991	0.0000
FormantShot	13	1.4788	1.0000	0.0000	0.0000	0.6680	0.9434	0.0000	0.0000	0.3054	0.0000	0.4030	0.0000
FormantShot	14	1.0852	1.0000	0.0000	0.0000	0.6755	1.2530	0.0000	0.0000	0.6196	0.0000	0.2477	0.0000
FormantShot	15	0.7825	1.0000	0.0000	0.0000	0.6174	1.8469	12.0000	0.0000	0.6395	0.0000	0.4979	0.0000
FormantShot	16	1.4168	1.0000	0.0000	0.0000	0.6026	0.5433	12.0000	0.0000	0.4170	0.0000	0.2033	0.0000
FormantShot	17	1.8960	1.0000	0.0000	0.0000	0.3889	0.5806	7.0000	0.0000	0.6967	0.0000	0.1778	0.0000
FormantShot	18	0.5007	1.0000	0.0000	0.0000	0.4630	1.2072	-5.0000	0.0000	0.2817	0.0000	0.2443	0.0000
FormantShot	19	1.5745	1.0000	0.0000	0.0000	0.8247	1.8808	0.0000	0.0000	0.7981	0.0000	0.3935	0.0000
FormantShot	20	1.5505	1.0000	0.0000	0.0000	0.5796	0.8260	12.0000	0.0000	0.4813	0.0000	0.1573	0.0000
FormantShot	21	0.7011	1.0000	0.0000	0.0000	0.7902	1.9206	5.0000	0.0000	0.5626	0.0000	0.3329	0.0000
FormantShot	22	1.9600	1.0000	0.0000	0.0000	0.4617	1.6840	5.0000	0.0000	0.9553	0.0000	0.3834	0.0000
FormantShot	23	0.9529	1.0000	0.0000	0.0000	0.5906	1.1688	-5.0000	0.0000	0.7043	0.0000	0.2724	0.0000
FormantShot	24	1.3313	1.0000	0.0000	0.0000	0.7837	0.7147	12.0000	0.0000	0.5133	0.0000	0.1878	0.0000
FormantShot	25	1.1651	1.0000	0.0000	0.0000	0.3364	1.1202	12.0000	0.0000	0.0531	0.0000	0.3338	0.0000
FormantShot	26	0.8497	1.0000	0.0000	0.0000	0.6242	1.9854	5.0000	0.0000	0.5939	0.0000	0.4227	0.0000
FormantShot	27	1.7198	1.0000	0.0000	0.0000	0.6355	1.7218	7.0000	0.0000	0.5587	0.0000	0.2006	0.0000
FormantShot	28	1.9495	1.0000	0.0000	0.0000	0.6148	0.7047	0.0000	0.0000	0.2592	0.0000	0.4820	0.0000
FormantShot	29	0.8108	1.0000	0.0000	0.0000	0.4702	1.1091	5.0000	0.0000	0.2080	0.0000	0.3499	0.0000
FormantShot	30	0.6166	1.0000	0.0000	0.0000	0.6737	0.7366	0.0000	0.0000	0.1026	0.0000	0.1485	0.0000
FormantShot	31	1.8706	1.0000	0.0000	0.0000	0.3216	1.1445	7.0000	0.0000	0.8563	0.0000	0.2685	0.0000
FormantShot	32	0.9327	1.0000	0.0000	0.0000	0.6650	1.5671	12.0000	0.0000	0.4027	0.0000	0.1927	0.0000
FormantShot	33	1.9771	1.0000	0.0000	0.0000	0.5815	1.7045	0.0000	0.0000	0.5441	0.0000	0.1505	0.0000
FormantShot	34	1.0720	1.0000	0.0000	0.0000	0.6169	1.3411	0.0000	0.0000	0.1237	0.0000	0.3428	0.0000
FormantShot	35	1.6462	1.0000	0.0000	0.0000	0.7692	1.9962	7.0000	0.0000	0.2879	0.0000	0.3528	0.0000
FormantShot	36	1.1352	1.0000	0.0000	0.0000	0.4763	1.7606	12.0000	0.0000	0.3656	0.0000	0.4190	0.0000
FormantShot	37	1.6549	1.0000	0.0000	0.0000	0.8518	1.8157	0.0000	0.0000	0.6252	0.0000	0.3189	0.0000
FormantShot	38	0.9528	1.0000	0.0000	0.0000	0.7408	1.0255	5.0000	0.0000	0.3251	0.0000	0.2355	0.0000
FormantShot	39	1.6572	1.0000	0.0000	0.0000	0.8069	1.1186	5.0000	0.0000	0.2758	0.0000	0.2746	0.0000
FormantShot	40	1.3538	1.0000	0.0000	0.0000	0.4723	1.8643	0.0000	0.0000	0.3897	0.0000	0.4983	0.0000
FormantShot	41	1.5687	1.0000	0.0000	0.0000	0.5165	1.6254	0.0000	0.0000	0.7190	0.0000	0.4889	0.0000
FormantShot	42	1.1015	1.0000	0.0000	0.0000	0.8966	1.6960	7.0000	0.0000	0.3787	0.0000	0.2103	0.0000
FormantShot	43	1.1704	1.0000	0.0000	0.0000	0.4877	0.9488	0.0000	0.0000	0.9723	0.0000	0.1783	0.0000
FormantShot	44	1.8165	1.0000	0.0000	0.0000	0.8961	0.8943	5.0000	0.0000	0.0720	0.0000	0.3751	0.0000
FormantShot	45	1.1215	1.0000	0.0000	0.0000	0.5346	0.7354	5.0000	0.0000	0.6559	0.0000	0.4414	0.0000
FormantShot	46	1.5619	1.0000	0.0000	0.0000	0.6398	0.8405	7.0000	0.0000	0.9773	0.0000	0.4197	0.0000
FormantShot	47	1.3139	1.0000	0.0000	0.0000	0.5163	1.9553	-5.0000	0.0000	0.2403	0.0000	0.2733	0.0000
FormantShot	48	1.8501	1.0000	0.0000	0.0000	0.3810	1.7917	7.0000	0.0000	0.0779	0.0000	0.1270	0.0000
FormantShot	49	1.9809	1.0000	0.0000	0.0000	0.7769	1.2706	0.0000	0.0000	0.3834	0.0000	0.2770	0.0000
FormantShot	50	1.7958	1.0000	0.0000	0.0000	0.5522	0.7837	12.0000	0.0000	0.9233	0.0000	0.1571	0.0000
FormantShot	51	0.5150	1.0000	0.0000	0.0000	0.5713	0.5565	5.0000	0.0000	0.8759	0.0000	0.1190	0.0000
FormantShot	52	1.8418	1.0000	0.0000	0.0000	0.6533	1.1509	0.0000	0.0000	0.7068	0.0000	0.2801	0.0000
FormantShot	53	1.9699	1.0000	0.0000	0.0000	0.7542	1.8207	7.0000	0.0000	0.2319	0.0000	0.3964	0.0000
FormantShot	54	1.9759	1.0000	0.0000	0.0000	0.4383	1.8672	12.0000	0.0000	0.4699	0.0000	0.3746	0.0000
FormantShot	55	1.1612	1.0000	0.0000	0.0000	0.4737	0.5933	-5.0000	0.0000	0.6350	0.0000	0.2917	0.0000
FormantShot	56	0.7705	1.0000	0.0000	0.0000	0.5881	1.6506	12.0000	0.0000	0.9662	0.0000	0.3480	0.0000
FormantShot	57	1.8095	1.0000	0.0000	0.0000	0.7505	1.6700	5.0000	0.0000	0.6567	0.0000	0.4812	0.0000
FormantShot	58	0.9316	1.0000	0.0000	0.0000	0.4928	0.8013	12.0000	0.0000	0.0189	0.0000	0.1870	0.0000
FormantShot	59	1.6628	1.0000	0.0000	0.0000	0.3787	1.8803	5.0000	0.0000	0.8704	0.0000	0.1252	0.0000
FormantShot	60	1.0420	1.0000	0.0000	0.0000	0.6700	1.8535	12.0000	0.0000	0.3635	0.0000	0.4262	0.0000
FormantShot	61	1.1509	1.0000	0.0000	0.0000	0.8314	1.8602	-5.0000	0.0000	0.1986	0.0000	0.1109	0.0000
FormantShot	62	1.8783	1.0000	0.0000	0.0000	0.6954	1.9377	0.0000	0.0000	0.7298	0.0000	0.3217	0.0000
FormantShot	63	1.8382	1.0000	0.0000	0.0000	0.6298	1.5929	-5.0000	0.0000	0.7142	0.0000	0.1262	0.0000
FormantShot	64	1.3089	1.0000	0.0000	0.0000	0.5214	1.2883	0.0000	0.0000	0.1636	0.0000	0.2910	0.0000
FormantShot	65	0.8407	1.0000	0.0000	0.0000	0.4192	1.6239	5.0000	0.0000	0.2520	0.0000	0.2628	0.0000
FormantShot	66	0.5441	1.0000	0.0000	0.0000	0.3476	1.8579	12.0000	0.0000	0.9620	0.0000	0.1953	0.0000
FormantShot	67	1.3214	1.0000	0.0000	0.0000	0.5663	1.2004	-5.0000	0.0000	0.8094	0.0000	0.2663	0.0000
FormantShot	68	1.1537	1.0000	0.0000	0.0000	0.3672	1.5788	7.0000	0.0000	0.5012	0.0000	0.2363	0.0000
FormantShot	69	1.0960	1.0000	0.0000	0.0000	0.5276	1.0835	12.0000	0.0000	0.8568	0.0000	0.1686	0.0000
FormantShot	70	0.5261	1.0000	0.0000	0.0000	0.3517	0.5842	12.0000	0.0000	0.7767	0.0000	0.1157	0.0000
FormantShot	71	0.7170	1.0000	0.0000	0.0000	0.7929	1.4083	-5.0000	0.0000	0.9244	0.0000	0.2503	0.0000
FormantShot	72	1.3201	1.0000	0.0000	0.0000	0.6348	0.8535	-5.0000	0.0000	0.3658	0.0000	0.1539	0.0000
FormantShot	73	0.8425	1.0000	0.0000	0.0000	0.7430	0.9850	7.0000	0.0000	0.6072	0.0000	0.3834	0.0000
FormantShot	74	0.6793	1.0000	0.0000	0.0000	0.7138	1.5528	0.0000	0.0000	0.7138	0.0000	0.1517	0.0000
FormantShot	75	1.8965	1.0000	0.0000	0.0000	0.7946	1.4351	-5.0000	0.0000	0.3657	0.0000	0.4028	0.0000
FormantShot	76	1.6656	1.0000	0.0000	0.0000	0.8539	1.8086	12.0000	0.0000	0.5745	0.0000	0.3240	0.0000
FormantShot	77	0.5252	1.0000	0.0000	0.0000	0.4201	0.6890	-5.0000	0.0000	0.5366	0.0000	0.3653	0.0000
FormantShot	78	0.6778	1.0000	0.0000	0.0000	0.3382	0.6769	7.0000	0.0000	0.9967	0.0000	0.4815	0.0000
FormantShot	79	0.8157	1.0000	0.0000	0.0000	0.3483	0.6178	0.0000	0.0000	0.9647	0.0000	0.1606	0.0000
FormantShot	80	1.2894	1.0000	0.0000	0.0000	0.7466	1.3394	12.0000	0.0000	0.6263	0.0000	0.1682	0.0000
FormantShot	81	0.6441	1.0000	0.0000	0.0000	0.8617	1.0467	0.0000	0.0000	0.4856	0.0000	0.2349	0.0000
FormantShot	82	1.3587	1.0000	0.0000	0.0000	0.6483	0.8874	5.0000	0.0000	0.5721	0.0000	0.4813	0.0000
FormantShot	83	1.8589	1.0000	0.0000	0.0000	0.5485	1.9505	0.0000	0.0000	0.7284	0.0000	0.3411	0.0000
FormantShot	84	0.9824	1.0000	0.0000	0.0000	0.6379	1.3314	0.0000	0.0000	0.2732	0.0000	0.1059	0.0000
FormantShot	85	1.6436	1.0000	0.0000	0.0000	0.6182	1.4992	7.0000	0.0000	0.6317	0.0000	0.1248	0.0000
FormantShot	86	0.6842	1.0000	0.0000	0.0000	0.4988	1.0486	-5.0000	0.0000	0.4624	0.0000	0.3672	0.0000
FormantShot	87	1.1713	1.0000	0.0000	0.0000	0.7303	1.5072	12.0000	0.0000	0.5778	0.0000	0.4369	0.0000
FormantShot	88	1.4110	1.0000	0.0000	0.0000	0.8082	1.6815	12.0000	0.0000	0.6948	0.0000	0.1664	0.0000
FormantShot	89	0.9720	1.0000	0.0000	0.0000	0.5568	0.8007	5.0000	0.0000	0.2217	0.0000	0.4899	0.0000
FormantShot	90	1.2862	1.0000	0.0000	0.0000	0.7939	1.9470	-5.0000	0.0000	0.4849	0.0000	0.2857	0.0000
FormantShot	91	1.8520	1.0000	0.0000	0.0000	0.6345	0.5019	12.0000	0.0000	0.7973	0.0000	0.3208	0.0000
FormantShot	92	1.7366	1.0000	0.0000	0.0000	0.8782	1.8311	-5.0000	0.0000	0.8529	0.0000	0.1878	0.0000
FormantShot	93	1.6341	1.0000	0.0000	0.0000	0.7252	1.6794	7.0000	0.0000	0.0270	0.0000	0.3629	0.0000
FormantShot	94	1.0294	1.0000	0.0000	0.0000	0.7181	0.5887	7.0000	0.0000	0.4619	0.0000	0.3240	0.0000
FormantShot	95	1.6782	1.0000	0.0000	0.0000	0.6298	1.8830	0.0000	0.0000	0.5687	0.0000	0.2830	0.0000
FormantShot	96	0.8063	1.0000	0.0000	0.0000	0.4989	0.7417	5.0000	0.0000	0.1900	0.0000	0.2002	0.0000
ReverseSwell	1	2.1439	0.3049	2.1061	4.6650	0.1052	2.0638	3.0000	0.2512	0.2312	0.1287	0.5717	0.0112
ReverseSwell	2	2.9934	0.2346	2.8623	3.4961	0.4964	0.9047	7.0000	0.5475	0.1731	0.2000	0.3181	0.2388
ReverseSwell	3	2.0703	0.1960	3.0914	3.0099	0.1821	2.5787	7.0000	0.4399	0.2884	0.3344	0.4394	0.2282
ReverseSwell	4	2.3996	0.3122	2.5104	4.6979	0.3400	1.4182	12.0000	0.1494	0.6591	0.2890	0.5646	0.0008
ReverseSwell	5	2.5886	0.3589	2.3752	3.6538	0.4343	1.4138	3.0000	0.6407	0.4619	0.3194	0.4212	0.3923
ReverseSwell	6	1.9642	0.2313	3.4933	3.3772	0.4168	2.0736	3.0000	0.3052	0.3333	0.0558	0.5214	0.0116
ReverseSwell	7	1.0621	0.2010	3.4991	3.5406	0.4913	1.7291	3.0000	0.6207	0.6366	0.1075	0.4426	0.0003
ReverseSwell	8	2.6781	0.1287	2.7512	4.8185	0.1011	0.6282	5.0000	0.1779	0.2440	0.1335	0.4578	0.0242
ReverseSwell	9	1.9562	0.1708	3.1892	4.4877	0.4770	1.3832	3.0000	0.1686	0.6484	0.0753	0.6711	0.2403
ReverseSwell	10	2.3035	0.1308	3.1898	4.3387	0.3337	1.5032	12.0000	0.2331	0.5520	0.3606	0.7238	0.0335
ReverseSwell	11	2.2376	0.1963	3.3311	3.4186	0.1024	0.8009	5.0000	0.1095	0.1904	0.1355	0.7640	0.3151
ReverseSwell	12	1.6177	0.3699	3.1389	3.7905	0.3053	0.9467	3.0000	0.6776	0.3323	0.2845	0.3914	0.1819
ReverseSwell	13	1.0284	0.2177	2.6325	4.9741	0.3600	1.3596	3.0000	0.2644	0.6713	0.4271	0.5791	0.3347
ReverseSwell	14	2.3591	0.2126	3.1597	4.2419	0.2375	2.4595	10.0000	0.5795	0.5705	0.4062	0.8337	0.0325
ReverseSwell	15	1.7379	0.3183	2.9234	4.7555	0.3266	1.7487	7.0000	0.3053	0.6500	0.3395	0.3420	0.3860
ReverseSwell	16	2.7276	0.1785	2.4146	3.9168	0.3605	2.5973	10.0000	0.1905	0.1830	0.3709	0.6030	0.1972
ReverseSwell	17	1.9528	0.1008	3.1701	3.8804	0.4662	1.7383	0.0000	0.4092	0.2181	0.0837	0.4097	0.2793
ReverseSwell	18	1.5136	0.1142	2.8951	4.6509	0.2187	1.3547	5.0000	0.5375	0.2090	0.2552	0.6957	0.0044
ReverseSwell	19	1.9288	0.1131	2.9494	3.2646	0.1796	1.2541	10.0000	0.5326	0.2201	0.0635	0.4686	0.0324
ReverseSwell	20	1.6680	0.3651	3.3941	3.4618	0.3642	1.3044	5.0000	0.6602	0.2691	0.4173	0.3946	0.0203
ReverseSwell	21	1.3452	0.1347	2.4499	4.5767	0.2558	2.0974	0.0000	0.1677	0.4031	0.0956	0.8725	0.0000
ReverseSwell	22	1.5841	0.3356	2.2257	3.2273	0.3776	1.4645	5.0000	0.5632	0.6107	0.3957	0.7584	0.0894
ReverseSwell	23	1.4648	0.1834	2.2149	3.3628	0.3740	1.0062	7.0000	0.2536	0.2747	0.1951	0.5926	0.3945
ReverseSwell	24	1.3737	0.0728	2.8734	3.9133	0.3303	1.7442	7.0000	0.3593	0.5681	0.4402	0.4433	0.1631
ReverseSwell	25	1.3063	0.3713	2.7187	4.2897	0.4165	0.8613	0.0000	0.5164	0.6914	0.0508	0.3190	0.0001
ReverseSwell	26	1.3113	0.2800	2.7337	4.9256	0.3582	1.0357	12.0000	0.6011	0.6139	0.1777	0.8676	0.3954
ReverseSwell	27	2.7819	0.1960	2.1379	3.0085	0.3552	1.0748	5.0000	0.6248	0.1341	0.3897	0.3175	0.1441
ReverseSwell	28	1.5509	0.1810	2.3686	4.7801	0.1891	0.6907	5.0000	0.5257	0.5786	0.0940	0.5091	0.3146
ReverseSwell	29	1.9080	0.3542	2.0104	4.8038	0.2471	1.3781	12.0000	0.2824	0.3355	0.3838	0.4424	0.0247
ReverseSwell	30	2.2431	0.1896	2.3335	3.6987	0.3355	2.5604	5.0000	0.2473	0.3489	0.3362	0.8842	0.3195
ReverseSwell	31	1.3688	0.1748	2.0556	4.2408	0.1511	1.8420	12.0000	0.6604	0.4296	0.0661	0.8966	0.2057
ReverseSwell	32	2.9271	0.1110	3.1441	4.4686	0.3283	1.1061	0.0000	0.1136	0.5243	0.2564	0.6439	0.0116
ReverseSwell	33	1.4834	0.3919	2.4184	4.0396	0.1387	0.8872	10.0000	0.2368	0.5918	0.2754	0.8524	0.3057
ReverseSwell	34	2.8681	0.2832	2.2828	4.3926	0.2689	1.9738	7.0000	0.5147	0.1680	0.1491	0.8750	0.0294
ReverseSwell	35	1.5728	0.2273	2.7369	3.2701	0.1747	1.6386	0.0000	0.1579	0.3542	0.2222	0.3384	0.2200
ReverseSwell	36	1.4441	0.2114	2.1564	4.8130	0.1332	1.9454	12.0000	0.6756	0.3515	0.0782	0.3354	0.3770
ReverseSwell	37	2.2351	0.3616	2.4708	4.6237	0.3937	1.2166	0.0000	0.6627	0.3040	0.2054	0.7119	0.0060
ReverseSwell	38	2.1518	0.0600	3.2465	3.7617	0.4768	2.4358	12.0000	0.5583	0.3442	0.2717	0.4055	0.0182
ReverseSwell	39	1.3368	0.3026	2.5152	4.7984	0.1348	1.8982	0.0000	0.5124	0.3092	0.1333	0.6688	0.1746
ReverseSwell	40	1.9291	0.0575	2.0965	3.8720	0.1292	1.6481	0.0000	0.1825	0.4798	0.3143	0.7503	0.1359
ReverseSwell	41	2.9630	0.3277	2.0886	3.8286	0.2207	2.3046	3.0000	0.4536	0.1631	0.3601	0.7590	0.3249
ReverseSwell	42	2.5567	0.3902	2.8893	3.2386	0.1777	1.8222	0.0000	0.4482	0.6879	0.2784	0.3437	0.0210
ReverseSwell	43	1.5409	0.0923	2.0534	4.5680	0.2393	1.8713	10.0000	0.3969	0.5716	0.2381	0.3918	0.0092
ReverseSwell	44	1.4922	0.2935	3.0692	3.0871	0.3024	1.1518	12.0000	0.2008	0.1157	0.2425	0.3754	0.0014
ReverseSwell	45	2.8924	0.3678	3.2164	3.4155	0.3743	0.8631	5.0000	0.4391	0.1448	0.1653	0.4720	0.0439
ReverseSwell	46	1.2044	0.2992	3.1775	3.8392	0.2323	2.5547	12.0000	0.1753	0.3459	0.1091	0.5376	0.1753
ReverseSwell	47	2.3840	0.2174	2.0913	3.1735	0.3992	0.6720	0.0000	0.2473	0.4083	0.2914	0.5508	0.0168
ReverseSwell	48	1.9122	0.2167	2.8541	3.4437	0.2615	1.8393	7.0000	0.1663	0.3264	0.3416	0.4839	0.2561
ReverseSwell	49	2.4972	0.2100	2.8471	4.6153	0.4304	1.4749	3.0000	0.2253	0.2465	0.4388	0.7551	0.1621
ReverseSwell	50	1.0499	0.3897	3.3243	3.3941	0.4610	1.0575	10.0000	0.2881	0.4101	0.0570	0.5842	0.1693
ReverseSwell	51	2.7126	0.2465	2.7562	4.2510	0.3977	0.8135	7.0000	0.6429	0.6020	0.3830	0.5405	0.0351
ReverseSwell	52	2.0240	0.1574	3.0034	3.4411	0.4665	1.4447	5.0000	0.2835	0.4566	0.1511	0.3159	0.2250
ReverseSwell	53	2.8309	0.1421	2.8044	3.7439	0.4067	2.3861	5.0000	0.3345	0.1174	0.2399	0.7184	0.1533
ReverseSwell	54	2.5333	0.2189	3.0674	4.2144	0.3989	0.9447	0.0000	0.6044	0.2324	0.1241	0.3415	0.1067
ReverseSwell	55	1.5801	0.3661	2.2622	3.8879	0.4558	0.8501	5.0000	0.6877	0.5578	0.4084	0.3391	0.2453
ReverseSwell	56	1.2781	0.0940	3.3022	4.1478	0.3066	1.9343	0.0000	0.4211	0.6806	0.3752	0.5421	0.1449
ReverseSwell	57	2.7495	0.1937	3.2806	3.2173	0.2109	1.4733	3.0000	0.2650	0.2951	0.1786	0.6841	0.0644
ReverseSwell	58	1.0826	0.3256	3.1735	3.1632	0.4804	1.8788	12.0000	0.3024	0.2297	0.2895	0.3258	0.0244
ReverseSwell	59	2.8282	0.2795	3.1551	4.9014	0.4501	1.7652	12.0000	0.5008	0.1230	0.0645	0.3684	0.0002
ReverseSwell	60	1.9849	0.3781	3.2656	4.1614	0.1278	1.0887	3.0000	0.3218	0.2884	0.4172	0.4977	0.0015
ReverseSwell	61	1.7393	0.0865	2.4478	3.1889	0.3576	2.1826	0.0000	0.2957	0.5919	0.1589	0.7078	0.0846
ReverseSwell	62	2.3942	0.2521	2.2868	3.6881	0.2380	0.6055	7.0000	0.1428	0.2584	0.1812	0.8028	0.1387
ReverseSwell	63	2.8081	0.2274	2.5449	4.7776	0.3060	2.4938	10.0000	0.2025	0.5072	0.3219	0.7647	0.1009
ReverseSwell	64	2.2482	0.2063	3.4583	4.8736	0.3759	0.9359	0.0000	0.1779	0.2726	0.2260	0.7358	0.0055
ReverseSwell	65	1.9453	0.0801	3.4341	3.0451	0.4441	2.2248	12.0000	0.1973	0.6838	0.2509	0.3092	0.3418
ReverseSwell	66	1.5600	0.0539	2.6531	3.5692	0.1231	1.5718	5.0000	0.4236	0.1063	0.4408	0.4798	0.0458
ReverseSwell	67	1.5990	0.3038	3.3150	4.9075	0.1466	1.9299	3.0000	0.3601	0.1545	0.2518	0.4387	0.2012
ReverseSwell	68	1.7986	0.2991	2.1733	4.3764	0.2698	2.2999	10.0000	0.4478	0.5778	0.1993	0.8671	0.0128
ReverseSwell	69	2.3596	0.3086	2.3348	4.8168	0.1895	1.4702	12.0000	0.4016	0.1736	0.3993	0.8750	0.0868
ReverseSwell	70	2.7448	0.3947	3.2887	3.2697	0.3264	0.7787	0.0000	0.2916	0.5353	0.1878	0.8122	0.1300
ReverseSwell	71	2.1130	0.1729	3.4892	4.7009	0.1306	2.1350	5.0000	0.3091	0.2823	0.4085	0.6532	0.0286
ReverseSwell	72	2.8970	0.3069	2.4312	3.5538	0.1360	1.8373	7.0000	0.2626	0.2269	0.2931	0.8961	0.0812
ReverseSwell	73	2.0036	0.2798	2.1119	4.5849	0.2434	2.1405	3.0000	0.1754	0.5600	0.1431	0.6132	0.1333
ReverseSwell	74	1.8229	0.0949	2.3958	4.9326	0.1149	1.8982	5.0000	0.4564	0.2432	0.1624	0.4698	0.0145
ReverseSwell	75	2.4894	0.2437	2.0560	4.1508	0.4203	2.3986	5.0000	0.1317	0.1828	0.1138	0.7612	0.2220
ReverseSwell	76	2.5526	0.2425	2.2434	3.0322	0.2183	1.7247	5.0000	0.3566	0.5012	0.3940	0.4099	0.3876
ReverseSwell	77	1.4848	0.0670	3.4117	3.8137	0.2798	1.0387	7.0000	0.5571	0.6853	0.3884	0.7206	0.3043
ReverseSwell	78	2.4147	0.1600	2.2496	4.0227	0.1056	0.9584	12.0000	0.6842	0.4258	0.1797	0.8266	0.0023
ReverseSwell	79	2.8782	0.2910	3.2664	4.9173	0.1284	1.8584	7.0000	0.1246	0.5876	0.1468	0.4678	0.0097
ReverseSwell	80	1.0732	0.0916	2.6271	3.2409	0.3162	1.9046	12.0000	0.2891	0.6340	0.2175	0.3556	0.2337
ReverseSwell	81	2.6269	0.3070	2.6191	4.3950	0.4142	0.8174	12.0000	0.1022	0.2055	0.3943	0.7485	0.2008
ReverseSwell	82	2.1625	0.3051	2.2344	3.6268	0.4530	1.5086	3.0000	0.1616	0.5080	0.3844	0.6726	0.0000
ReverseSwell	83	2.5139	0.1720	3.0263	4.3396	0.3581	0.6735	7.0000	0.3869	0.1537	0.1361	0.6069	0.2684
ReverseSwell	84	2.0927	0.1871	2.6970	3.8561	0.4247	1.2463	3.0000	0.1945	0.4415	0.2002	0.5428	0.0005
ReverseSwell	85	1.4655	0.1600	3.1217	4.6372	0.1408	2.5271	12.0000	0.1568	0.6760	0.3351	0.4575	0.0271
ReverseSwell	86	1.9278	0.0743	3.2867	4.5832	0.4197	0.9561	10.0000	0.2490	0.2830	0.1940	0.6109	0.1495
ReverseSwell	87	1.0973	0.2104	3.4392	4.0037	0.2262	0.7489	7.0000	0.2347	0.1586	0.4244	0.8552	0.1171
ReverseSwell	88	2.9737	0.3840	2.7785	3.3615	0.3137	1.0604	3.0000	0.3804	0.1122	0.2143	0.3023	0.1941
ReverseSwell	89	1.9846	0.2102	3.1854	4.6160	0.4559	1.4253	10.0000	0.1286	0.4276	0.3694	0.8417	0.0011
ReverseSwell	90	1.2838	0.2612	3.0284	4.7123	0.1602	2.1496	7.0000	0.4618	0.1301	0.4058	0.4122	0.2382
ReverseSwell	91	2.7663	0.2202	3.0359	3.1272	0.1481	0.8078	7.0000	0.4445	0.4359	0.2801	0.7306	0.1683
ReverseSwell	92	2.4423	0.2525	2.8214	4.6871	0.3570	1.4366	0.0000	0.6352	0.5221	0.4202	0.8923	0.0140
ReverseSwell	93	1.7648	0.3763	2.3855	4.4878	0.2540	1.2622	3.0000	0.6838	0.3267	0.2847	0.4350	0.0021
ReverseSwell	94	2.0292	0.3096	3.1839	4.4381	0.2040	1.0077	5.0000	0.1422	0.4659	0.3471	0.5095	0.0040
ReverseSwell	95	2.4152	0.3359	2.7894	3.9853	0.3292	2.4012	5.0000	0.5498	0.4275	0.3815	0.3167	0.1214
ReverseSwell	96	2.1576	0.2463	3.1838	4.4869	0.4474	0.8709	10.0000	0.2924	0.6531	0.4235	0.3178	0.0004
ReverseSwell	97	1.0991	0.2418	2.6890	3.2455	0.3328	1.6147	5.0000	0.1943	0.3244	0.1787	0.3128	0.0261
ReverseSwell	98	1.3435	0.3128	3.1952	4.1312	0.4008	1.1576	7.0000	0.3626	0.3560	0.3072	0.3110	0.2808
ReverseSwell	99	1.1440	0.3111	3.0735	4.2643	0.2252	2.4223	10.0000	0.3614	0.2765	0.2840	0.6823	0.1696
ReverseSwell	100	1.7544	0.1576	3.4477	3.9419	0.3040	2.0980	7.0000	0.5431	0.4509	0.2621	0.8112	0.0066
ReverseSwell	101	2.7696	0.3601	2.4214	4.9773	0.3959	2.3265	5.0000	0.3821	0.6076	0.1920	0.7075	0.1278
ReverseSwell	102	2.0595	0.2065	2.2571	4.6311	0.4119	1.9336	0.0000	0.2005	0.2564	0.3710	0.6736	0.2201
ReverseSwell	103	2.1336	0.3223	2.3881	3.7886	0.1095	0.8690	3.0000	0.6384	0.2198	0.3711	0.6448	0.2656
ReverseSwell	104	1.1369	0.1315	3.4226	3.1746	0.2030	1.5550	0.0000	0.6907	0.5834	0.2147	0.8933	0.3247
ReverseSwell	105	1.2111	0.0846	2.5833	3.3374	0.4584	1.9037	10.0000	0.5843	0.1622	0.4256	0.8593	0.0222
ReverseSwell	106	1.1106	0.2483	2.0504	3.0727	0.4788	0.6462	0.0000	0.4569	0.3506	0.4111	0.3330	0.0280
ReverseSwell	107	2.4514	0.3421	3.3992	4.3296	0.3393	2.2631	7.0000	0.5337	0.4383	0.1794	0.4496	0.2763
ReverseSwell	108	1.2059	0.2706	3.0294	3.6863	0.3665	1.1282	3.0000	0.6352	0.4492	0.3085	0.4327	0.0903
ReverseSwell	109	1.6376	0.3450	3.0207	3.4458	0.2604	2.5784	12.0000	0.1171	0.6678	0.3278	0.8798	0.3840
ReverseSwell	110	2.4235	0.2542	2.2111	3.4013	0.1417	0.6298	10.0000	0.4358	0.4338	0.1632	0.3823	0.0297
ReverseSwell	111	1.6832	0.3076	2.1929	3.6034	0.3012	2.3903	5.0000	0.1921	0.3499	0.0841	0.8965	0.0301
ReverseSwell	112	1.7892	0.1764	2.6908	3.0592	0.3556	1.5843	0.0000	0.6318	0.5275	0.3514	0.6285	0.1005
ReverseSwell	113	1.2552	0.1027	2.8306	4.2388	0.1988	1.0529	10.0000	0.4851	0.4723	0.2965	0.8019	0.0775
ReverseSwell	114	2.3078	0.3325	3.3773	4.7670	0.1199	2.5210	0.0000	0.6546	0.1852	0.3892	0.7896	0.0568
ReverseSwell	115	1.0474	0.3045	3.0907	4.0622	0.2910	2.2547	0.0000	0.4806	0.5232	0.2733	0.6133	0.1419
ReverseSwell	116	2.9474	0.0706	2.6761	4.6434	0.1845	0.9326	12.0000	0.5650	0.5536	0.1574	0.5839	0.1296
ReverseSwell	117	2.0374	0.1535	2.5462	4.3447	0.1976	1.7948	3.0000	0.6678	0.2363	0.3141	0.3404	0.3341
ReverseSwell	118	2.4873	0.1133	3.2796	4.9985	0.2334	1.1599	5.0000	0.1855	0.5657	0.3094	0.8047	0.1676
ReverseSwell	119	2.2876	0.1820	2.5615	4.4156	0.3573	2.0136	5.0000	0.2090	0.5360	0.2155	0.8564	0.0911
ReverseSwell	120	2.2354	0.0813	2.0330	4.1559	0.4983	1.5582	10.0000	0.2691	0.1902	0.1874	0.7925	0.1551
ReverseSwell	121	2.8143	0.0882	2.8521	4.8804	0.4315	2.2063	12.0000	0.5032	0.4654	0.0665	0.3597	0.0586
ReverseSwell	122	1.4468	0.1421	2.5164	4.2500	0.4866	0.8802	12.0000	0.6767	0.4329	0.3254	0.4235	0.0762
ReverseSwell	123	1.8045	0.2155	2.1660	4.4155	0.2475	1.0198	3.0000	0.6064	0.4042	0.2291	0.3956	0.2219
ReverseSwell	124	1.9638	0.1492	2.8746	4.0499	0.1066	1.8093	5.0000	0.2685	0.4395	0.3052	0.5694	0.0627
ReverseSwell	125	1.8666	0.3652	3.2493	3.7813	0.4612	1.6142	7.0000	0.1316	0.4010	0.0649	0.5854	0.3223
ReverseSwell	126	1.1358	0.3656	2.0477	3.7137	0.3669	0.6144	12.0000	0.4688	0.6995	0.2881	0.5390	0.2985
ReverseSwell	127	1.1171	0.2897	3.4342	4.7195	0.3792	1.6162	5.0000	0.2823	0.6615	0.2583	0.3437	0.2663
ReverseSwell	128	2.3099	0.3402	2.4591	4.0538	0.2324	0.9168	0.0000	0.4499	0.4260	0.4335	0.3458	0.0535
ReverseSwell	129	2.8957	0.1962	2.9477	3.4567	0.1721	1.4879	0.0000	0.2724	0.5603	0.2621	0.4635	0.0095
ReverseSwell	130	1.2844	0.3876	2.6550	3.1204	0.3103	0.8861	5.0000	0.5709	0.6398	0.3269	0.5130	0.2519
ReverseSwell	131	1.2068	0.3786	2.7947	3.4267	0.1135	1.3407	5.0000	0.6537	0.6911	0.1507	0.6214	0.0024
ReverseSwell	132	1.0915	0.1554	2.5390	4.9691	0.3453	1.6045	10.0000	0.6885	0.2219	0.3540	0.6200	0.3771
ReverseSwell	133	2.2375	0.1692	3.3610	4.5050	0.1179	1.4939	12.0000	0.4821	0.2439	0.1538	0.3901	0.0060
ReverseSwell	134	2.6730	0.3422	3.1257	4.6454	0.4415	2.2693	5.0000	0.2257	0.2964	0.3776	0.6551	0.0018
ReverseSwell	135	2.8290	0.1884	2.2589	4.9513	0.4548	1.8436	5.0000	0.4770	0.5106	0.1451	0.4569	0.1391
ReverseSwell	136	1.8546	0.1617	3.1514	3.6636	0.4621	1.9718	12.0000	0.1245	0.3374	0.2128	0.6406	0.1804
ReverseSwell	137	2.3093	0.1020	2.3516	3.7812	0.4783	1.5941	5.0000	0.4295	0.3201	0.2585	0.3242	0.3370
ReverseSwell	138	1.8227	0.0969	3.2798	3.8944	0.4829	1.4468	0.0000	0.6098	0.2847	0.4480	0.6180	0.0242
ReverseSwell	139	1.1180	0.0795	3.3286	4.1362	0.2637	1.4543	7.0000	0.6836	0.1663	0.4205	0.4883	0.0276
ReverseSwell	140	1.8647	0.2516	2.3822	4.6501	0.4854	1.2372	10.0000	0.4363	0.5987	0.2744	0.6624	0.1589
ReverseSwell	141	2.9075	0.1840	3.1161	3.6890	0.2224	1.6028	7.0000	0.6440	0.4555	0.1879	0.5847	0.2428
ReverseSwell	142	2.5214	0.3004	3.0941	4.4164	0.4795	1.8469	12.0000	0.2189	0.4298	0.1601	0.6383	0.1270
ReverseSwell	143	2.5726	0.2579	2.2559	3.9376	0.4268	0.8020	0.0000	0.2144	0.6715	0.1135	0.8408	0.1700
ReverseSwell	144	1.1758	0.3686	3.0238	4.5012	0.4253	0.7390	10.0000	0.4575	0.6585	0.2385	0.7461	0.0856
ReverseSwell	145	2.4184	0.1762	3.3324	4.1039	0.3065	0.7731	5.0000	0.5616	0.1880	0.2390	0.8412	0.2426
ReverseSwell	146	1.7782	0.1801	2.3656	4.2337	0.4903	2.5861	5.0000	0.4954	0.6148	0.4374	0.8188	0.0005
ReverseSwell	147	2.3961	0.2961	2.0213	3.5138	0.3850	1.4697	0.0000	0.1048	0.3116	0.3808	0.7865	0.1690
ReverseSwell	148	2.4525	0.2951	3.0030	4.7382	0.4205	1.2941	3.0000	0.4067	0.3295	0.4430	0.6073	0.0260
ReverseSwell	149	1.3720	0.3373	2.9241	3.8712	0.4597	0.8534	12.0000	0.5669	0.1047	0.1347	0.6289	0.0351
ReverseSwell	150	2.4734	0.2412	2.5668	4.2879	0.4549	1.9385	10.0000	0.4957	0.2522	0.1498	0.6636	0.0685
ReverseSwell	151	1.1668	0.0705	3.1785	3.1783	0.2386	1.9048	10.0000	0.3044	0.3213	0.2081	0.3039	0.1459
ReverseSwell	152	1.4777	0.3483	3.4238	3.0745	0.1555	2.4424	0.0000	0.4315	0.4104	0.1771	0.8397	0.1126
ReverseSwell	153	2.7944	0.2889	2.9084	4.7573	0.3026	1.6071	10.0000	0.4935	0.3960	0.1809	0.6724	0.3459
ReverseSwell	154	2.4622	0.1627	2.8629	4.5549	0.2351	1.4664	12.0000	0.4765	0.5276	0.0678	0.7507	0.3082
ReverseSwell	155	2.5755	0.1177	2.2216	4.7465	0.3700	1.6396	0.0000	0.4440	0.5996	0.1418	0.6364	0.0047
ReverseSwell	156	2.0691	0.3363	3.0568	4.5790	0.2887	1.5679	5.0000	0.3540	0.4839	0.2452	0.7181	0.1973
ReverseSwell	157	2.1667	0.2858	2.2805	4.9175	0.3173	1.3913	10.0000	0.5216	0.3857	0.0942	0.8377	0.1784
ReverseSwell	158	1.7077	0.3901	3.1098	3.1625	0.2258	1.1877	7.0000	0.6026	0.5963	0.2899	0.3353	0.2533
ReverseSwell	159	2.0642	0.2399	2.9795	3.7108	0.4532	2.1050	3.0000	0.4564	0.2513	0.4185	0.3742	0.0319
ReverseSwell	160	1.3783	0.2184	2.5031	4.3258	0.2855	1.7650	0.0000	0.3420	0.4705	0.4248	0.5080	0.1208
ReverseSwell	161	2.8180	0.1374	2.1979	4.3648	0.4092	1.5589	12.0000	0.5530	0.6807	0.1461	0.4188	0.0772
ReverseSwell	162	1.3227	0.3899	2.6865	4.5121	0.2330	2.1506	7.0000	0.6120	0.4588	0.4109	0.5159	0.1524
ReverseSwell	163	1.3788	0.2065	2.4081	4.6187	0.3754	0.7059	3.0000	0.3835	0.3087	0.2990	0.5922	0.2725
ReverseSwell	164	2.5224	0.2676	2.0211	4.8666	0.2656	2.3227	5.0000	0.2811	0.6156	0.2153	0.8475	0.0232
ReverseSwell	165	2.7304	0.0909	3.2261	4.6219	0.3728	1.5648	5.0000	0.4479	0.5972	0.0604	0.4533	0.0003
ReverseSwell	166	2.0353	0.0836	2.3987	3.1970	0.4409	1.2034	7.0000	0.4102	0.2357	0.1841	0.3582	0.0244
ReverseSwell	167	2.1775	0.3242	2.2591	4.9884	0.4384	0.9930	5.0000	0.3601	0.5959	0.1719	0.8788	0.0905
ReverseSwell	168	1.7137	0.1196	2.9765	3.2395	0.4316	1.1475	3.0000	0.2983	0.2478	0.3001	0.3136	0.0830
ReverseSwell	169	2.3084	0.2060	2.2063	4.7949	0.1821	2.2614	10.0000	0.3861	0.1498	0.0835	0.5698	0.2240
ReverseSwell	170	2.4691	0.2599	2.6108	4.0474	0.4729	2.4057	3.0000	0.6872	0.4665	0.4287	0.5858	0.0123
ReverseSwell	171	2.2626	0.1155	2.9559	4.4098	0.3397	0.7246	5.0000	0.3565	0.5486	0.3355	0.4986	0.3101
ReverseSwell	172	1.9484	0.1345	2.1301	4.9812	0.4964	1.9827	3.0000	0.6217	0.2206	0.2632	0.4725	0.0956
ReverseSwell	173	2.3658	0.3004	2.4655	4.1968	0.4273	0.9100	0.0000	0.5808	0.2981	0.2344	0.5028	0.2516
ReverseSwell	174	2.4553	0.2582	3.1259	4.2791	0.1971	1.1000	7.0000	0.6308	0.3593	0.1351	0.3031	0.3887
ReverseSwell	175	1.8389	0.0527	2.7810	3.8128	0.1203	1.7482	12.0000	0.1070	0.6189	0.2793	0.3074	0.0421
ReverseSwell	176	1.6176	0.2298	3.2899	4.5689	0.4321	2.3887	12.0000	0.1117	0.1791	0.0856	0.3173	0.1289
ReverseSwell	177	1.5990	0.0763	2.0993	3.7379	0.3072	1.6661	7.0000	0.6219	0.1204	0.2613	0.6634	0.0377
ReverseSwell	178	2.2008	0.2295	3.4226	3.0553	0.3126	1.9853	5.0000	0.5806	0.2059	0.3613	0.8040	0.2466
ReverseSwell	179	1.9871	0.0928	3.4094	3.4920	0.2673	1.3211	5.0000	0.1790	0.4276	0.1400	0.3293	0.1325
ReverseSwell	180	2.6981	0.3110	2.7639	3.6202	0.2540	1.1194	0.0000	0.2718	0.3259	0.0560	0.3194	0.0075
ReverseSwell	181	1.5184	0.1205	2.5961	3.4777	0.2905	1.4627	0.0000	0.4423	0.2571	0.4061	0.4639	0.3724
ReverseSwell	182	2.6067	0.1874	3.2685	4.5259	0.2598	1.4840	3.0000	0.4089	0.2008	0.4275	0.7686	0.3299
ReverseSwell	183	2.8340	0.0800	2.5154	3.0096	0.2704	2.5063	5.0000	0.5299	0.2974	0.0764	0.5153	0.3774
ReverseSwell	184	1.4086	0.3009	2.1018	3.9336	0.1130	0.9607	5.0000	0.6962	0.3034	0.3349	0.4434	0.0846
ReverseSwell	185	1.4378	0.3012	3.3038	3.9717	0.2836	0.7315	12.0000	0.2933	0.4555	0.4036	0.5862	0.1505
ReverseSwell	186	2.4114	0.3806	2.2713	4.1170	0.3734	2.2145	10.0000	0.3998	0.4569	0.2658	0.7450	0.0000
ReverseSwell	187	1.9710	0.0746	2.0773	4.8724	0.1538	1.2344	3.0000	0.4890	0.5610	0.0693	0.8434	0.0904
ReverseSwell	188	2.7687	0.2451	2.2271	4.3760	0.2692	1.0329	3.0000	0.3799	0.2019	0.2095	0.4084	0.0339
ReverseSwell	189	1.3892	0.3278	2.6430	4.0212	0.2319	2.3013	12.0000	0.5633	0.6350	0.1076	0.8462	0.0369
ReverseSwell	190	1.6827	0.3003	2.2892	4.8096	0.3374	0.8895	10.0000	0.3644	0.5112	0.3557	0.7593	0.3069
ReverseSwell	191	1.9177	0.0819	2.3196	4.0909	0.3171	1.9236	5.0000	0.6305	0.3188	0.4065	0.5534	0.0414
ReverseSwell	192	1.1592	0.2501	3.4296	3.1056	0.1243	1.2070	0.0000	0.3931	0.5395	0.1659	0.6670	0.3737
ReverseSwell	193	2.3165	0.1915	3.2680	4.7137	0.2848	0.7637	3.0000	0.5462	0.6357	0.0580	0.4798	0.1225
ReverseSwell	194	2.4139	0.3570	3.0895	4.4776	0.4942	2.0537	10.0000	0.6127	0.3208	0.2105	0.6176	0.1704
ReverseSwell	195	2.7023	0.0875	2.9463	4.6566	0.2929	1.8980	5.0000	0.5528	0.6065	0.2894	0.8041	0.0334
ReverseSwell	196	1.9665	0.1080	2.9614	4.0385	0.1879	1.5738	3.0000	0.1390	0.1467	0.3816	0.8886	0.1071
ReverseSwell	197	1.0700	0.3048	2.5159	3.2381	0.3326	0.6268	5.0000	0.3693	0.5610	0.3723	0.8476	0.2769
ReverseSwell	198	2.1746	0.3461	2.4390	4.0147	0.2412	1.8913	7.0000	0.5350	0.1271	0.1130	0.4887	0.0246
ReverseSwell	199	1.2970	0.0889	2.3586	3.3267	0.3524	1.7671	7.0000	0.3297	0.3553	0.3501	0.6955	0.0112
ReverseSwell	200	2.0431	0.3616	2.9588	3.3739	0.3005	0.8191	12.0000	0.6897	0.5761	0.4228	0.6835	0.0149
ReverseSwell	201	2.1253	0.2006	3.1185	3.5018	0.4364	2.4478	7.0000	0.2649	0.6185	0.4190	0.5588	0.0388
ReverseSwell	202	2.9007	0.2945	2.4562	4.1956	0.4290	2.5863	0.0000	0.6265	0.6501	0.2845	0.4758	0.0337
ReverseSwell	203	1.1378	0.1163	3.4630	3.9061	0.2091	0.8966	0.0000	0.3435	0.3637	0.4231	0.8075	0.0853
ReverseSwell	204	2.9108	0.2248	2.2243	4.7518	0.2512	2.1569	12.0000	0.2018	0.5075	0.4317	0.4356	0.0810
ReverseSwell	205	1.5061	0.1032	2.4210	3.7039	0.4305	0.8387	3.0000	0.5741	0.1801	0.4492	0.5180	0.0800
ReverseSwell	206	1.5674	0.1994	2.8206	4.4188	0.1305	1.3499	0.0000	0.4237	0.2298	0.1045	0.7936	0.2498
ReverseSwell	207	2.7719	0.2103	2.4762	3.6130	0.2991	0.6070	0.0000	0.2000	0.6483	0.1289	0.4409	0.0117
ReverseSwell	208	1.3263	0.0513	2.6795	4.7248	0.2260	1.1927	12.0000	0.4442	0.5090	0.1677	0.6012	0.3794
ReverseSwell	209	1.4956	0.3364	3.4450	3.9756	0.1362	1.7940	12.0000	0.6870	0.2112	0.2260	0.7825	0.0144
ReverseSwell	210	2.5951	0.2015	3.1857	3.4026	0.1777	1.8917	10.0000	0.1806	0.4334	0.0543	0.8844	0.0230
ReverseSwell	211	2.1391	0.1992	2.5328	3.9954	0.4546	0.7818	12.0000	0.1919	0.4510	0.1939	0.4071	0.0052
ReverseSwell	212	1.5100	0.1432	2.3564	3.2955	0.3337	1.4853	12.0000	0.4210	0.2976	0.2665	0.3176	0.0002
ReverseSwell	213	2.9813	0.1569	3.3127	4.1752	0.1963	1.0313	0.0000	0.4955	0.5671	0.2748	0.7252	0.0419
ReverseSwell	214	1.4372	0.1582	2.6600	3.1563	0.4086	2.0112	7.0000	0.2845	0.1287	0.3358	0.3511	0.0998
ReverseSwell	215	1.0211	0.3917	2.5803	4.2522	0.4491	0.8441	3.0000	0.5450	0.1347	0.3107	0.3158	0.0997
ReverseSwell	216	1.0757	0.1448	2.1368	4.6169	0.3792	1.5530	3.0000	0.6955	0.4080	0.2781	0.3398	0.1074
ReverseSwell	217	1.4875	0.1558	2.9237	3.7087	0.1233	2.5230	10.0000	0.5248	0.6478	0.0918	0.7914	0.0400
ReverseSwell	218	2.8823	0.2163	2.1633	3.4310	0.4354	1.6598	10.0000	0.5593	0.3876	0.2815	0.3441	0.0800
ReverseSwell	219	1.4536	0.2066	2.2772	4.9612	0.2201	2.5946	5.0000	0.4317	0.5775	0.3402	0.8775	0.0005
ReverseSwell	220	2.3574	0.3864	2.7450	3.0848	0.1758	1.9481	12.0000	0.4110	0.5022	0.2941	0.8414	0.0272
ReverseSwell	221	1.9861	0.3400	2.9692	3.5964	0.3993	0.6921	5.0000	0.4062	0.5419	0.2643	0.3149	0.1004
ReverseSwell	222	1.7605	0.2778	3.4565	4.9682	0.1090	0.7706	7.0000	0.4715	0.6827	0.1436	0.4085	0.1215
ReverseSwell	223	2.7342	0.1298	2.9811	3.2560	0.3011	0.8823	0.0000	0.1080	0.2631	0.1418	0.7008	0.1623
ReverseSwell	224	1.4969	0.2905	2.8560	4.7177	0.3170	2.1706	12.0000	0.4602	0.5326	0.2933	0.3405	0.3100
ReverseSwell	225	2.0561	0.3063	3.0420	3.8871	0.2113	1.7338	7.0000	0.3425	0.3824	0.1131	0.4937	0.0249
ReverseSwell	226	2.7003	0.3783	2.3974	4.7550	0.3575	0.9770	0.0000	0.5776	0.1629	0.0658	0.8335	0.0119
ReverseSwell	227	2.7925	0.1649	2.5295	4.7052	0.4987	2.5608	3.0000	0.5001	0.1697	0.1474	0.8237	0.1019
ReverseSwell	228	1.6377	0.3343	2.8031	3.1517	0.3369	1.2473	0.0000	0.3465	0.3185	0.3557	0.4284	0.1403
ReverseSwell	229	1.4951	0.3037	2.2872	4.4477	0.2721	1.4354	5.0000	0.5692	0.1875	0.1060	0.3066	0.2617
ReverseSwell	230	1.2970	0.3724	2.6833	3.2249	0.4845	1.2322	7.0000	0.1356	0.3261	0.2022	0.4536	0.1248
ReverseSwell	231	2.3147	0.1836	3.4725	3.2310	0.1537	0.6265	7.0000	0.5854	0.5702	0.2348	0.5876	0.0610
ReverseSwell	232	1.0079	0.3024	2.0630	3.9966	0.2578	1.1874	12.0000	0.4159	0.1245	0.3764	0.6129	0.2647
ReverseSwell	233	1.6430	0.1815	2.0271	3.2241	0.4020	2.0680	12.0000	0.2009	0.1539	0.4152	0.6340	0.0342
ReverseSwell	234	1.9469	0.1648	2.9414	3.2392	0.3589	2.3430	3.0000	0.6600	0.1309	0.0987	0.8849	0.1290
ReverseSwell	235	1.6045	0.2539	2.0448	3.4700	0.1773	1.2170	0.0000	0.1657	0.6482	0.2510	0.8556	0.0618
ReverseSwell	236	2.0574	0.1342	2.0994	4.8171	0.3358	0.6073	10.0000	0.2033	0.3837	0.2830	0.7272	0.0884
ReverseSwell	237	2.7430	0.3645	3.2938	4.4235	0.2195	0.7175	12.0000	0.1737	0.4367	0.3385	0.6995	0.0698
ReverseSwell	238	2.0824	0.2631	2.6757	3.2054	0.4453	1.2048	0.0000	0.1159	0.4076	0.1147	0.5288	0.0003
ReverseSwell	239	2.8421	0.2830	2.9820	3.2084	0.4252	1.0840	5.0000	0.1524	0.3395	0.1640	0.7791	0.0457
ReverseSwell	240	1.7556	0.2232	2.2428	3.7188	0.3920	1.7891	7.0000	0.1661	0.4747	0.2989	0.3979	0.0399
ReverseSwell	241	1.3239	0.1823	2.9766	4.4814	0.3082	2.2468	10.0000	0.2410	0.4011	0.4108	0.3517	0.0001
ReverseSwell	242	2.6303	0.2228	3.4235	4.9993	0.2730	2.2999	0.0000	0.4216	0.5773	0.3735	0.7358	0.0482
ReverseSwell	243	2.2064	0.3834	3.2225	3.8792	0.2685	1.8862	7.0000	0.6456	0.5750	0.3705	0.6624	0.0131
ReverseSwell	244	2.4555	0.2122	2.1967	4.0966	0.2923	1.2334	3.0000	0.6084	0.6272	0.3432	0.5461	0.0890
ReverseSwell	245	1.1386	0.2270	2.7487	4.4297	0.1950	1.9071	5.0000	0.2161	0.6148	0.3161	0.6594	0.1124
ReverseSwell	246	2.6358	0.3372	2.9923	4.1122	0.1137	0.8173	0.0000	0.5628	0.1535	0.2729	0.7688	0.0000
ReverseSwell	247	2.1708	0.1359	2.3880	4.9030	0.1652	0.9248	10.0000	0.1734	0.2290	0.3574	0.7560	0.1042
ReverseSwell	248	2.5017	0.3439	3.3377	3.4313	0.2470	1.0040	5.0000	0.5725	0.2764	0.3474	0.7232	0.3089
ReverseSwell	249	2.0605	0.1980	2.9034	4.6551	0.3667	0.8657	12.0000	0.6565	0.2054	0.4115	0.7118	0.1438
ReverseSwell	250	1.7088	0.2314	2.0033	4.6095	0.3081	1.9323	0.0000	0.1384	0.6183	0.3075	0.8632	0.1247
ReverseSwell	251	1.8689	0.3073	2.9862	4.4655	0.1079	1.8408	5.0000	0.6173	0.6427	0.1966	0.4970	0.2646
ReverseSwell	252	2.4119	0.1442	3.3833	3.8016	0.2474	1.4123	10.0000	0.3192	0.1513	0.2530	0.5169	0.0021
ReverseSwell	253	2.1232	0.2625	3.0417	4.8375	0.2639	1.0156	10.0000	0.4830	0.4792	0.1083	0.4696	0.3058
ReverseSwell	254	2.8999	0.2324	2.8611	3.1771	0.4107	2.0170	12.0000	0.4317	0.4839	0.1497	0.6991	0.0057
ReverseSwell	255	2.3928	0.2423	2.0883	4.0510	0.2708	1.1278	7.0000	0.4022	0.6943	0.1217	0.3192	0.1146
ReverseSwell	256	1.0768	0.2398	3.2484	3.8996	0.3140	2.1494	0.0000	0.5849	0.1385	0.1047	0.6129	0.0184
Zap	1	1.6844	1.0000	4.1162	0.5732	0.0000	0.7115	0.0000	0.0000	1.3662	0.0000	0.2898	0.0283
Zap	2	0.7067	1.0000	3.4386	0.9863	0.0000	1.8787	0.0000	0.0000	2.3383	0.0000	0.1952	0.2559
Zap	3	1.5207	1.0000	3.8683	1.3805	0.0000	0.4393	0.0000	0.0000	0.9540	0.0000	0.3709	0.0653
Zap	4	1.0015	1.0000	2.6290	0.9858	0.0000	1.9209	0.0000	0.0000	2.2569	0.0000	0.1835	0.1260
Zap	5	2.0704	1.0000	2.7810	0.0750	0.0000	1.5047	0.0000	0.0000	2.8992	0.0000	0.2759	0.0115
Zap	6	1.7056	1.0000	3.3829	1.3374	0.0000	0.4266	0.0000	0.0000	1.2304	0.0000	0.1723	0.1148
Zap	7	1.0115	1.0000	3.1249	0.1412	0.0000	1.3807	0.0000	0.0000	1.8606	0.0000	0.3687	0.2633
Zap	8	0.9414	1.0000	2.7699	0.1210	0.0000	0.8473	0.0000	0.0000	2.2558	0.0000	0.0087	0.2625
Zap	9	1.2834	1.0000	2.7854	0.9245	0.0000	1.5620	0.0000	0.0000	2.2417	0.0000	0.0334	0.0112
Zap	10	1.6030	1.0000	3.0643	0.4310	0.0000	0.9818	0.0000	0.0000	2.7029	0.0000	0.3766	0.1473
Zap	11	1.5566	1.0000	2.5816	0.5951	0.0000	1.8103	0.0000	0.0000	2.1909	0.0000	0.2705	0.0212
Zap	12	2.1173	1.0000	3.6851	0.3879	0.0000	1.4695	0.0000	0.0000	0.8702	0.0000	0.1133	0.0831
Zap	13	2.0306	1.0000	4.2720	1.0942	0.0000	0.6468	0.0000	0.0000	1.7135	0.0000	0.3351	0.0010
Zap	14	1.6672	1.0000	2.7275	0.3199	0.0000	1.7899	0.0000	0.0000	1.5806	0.0000	0.3061	0.2133
Zap	15	0.8799	1.0000	4.4666	1.2823	0.0000	1.6994	0.0000	0.0000	2.5446	0.0000	0.2782	0.3782
Zap	16	0.6243	1.0000	2.6532	0.8483	0.0000	1.7143	0.0000	0.0000	0.9657	0.0000	0.3796	0.2597
Zap	17	2.0656	1.0000	3.9127	0.7382	0.0000	0.8598	0.0000	0.0000	2.2805	0.0000	0.1422	0.0000
Zap	18	0.9494	1.0000	4.0182	0.0289	0.0000	1.7998	0.0000	0.0000	2.8139	0.0000	0.2599	0.0320
Zap	19	1.9839	1.0000	3.3257	0.0613	0.0000	1.4076	0.0000	0.0000	1.4624	0.0000	0.1251	0.1011
Zap	20	1.7468	1.0000	4.4328	0.0958	0.0000	1.8822	0.0000	0.0000	2.3752	0.0000	0.1293	0.1777
Zap	21	2.1848	1.0000	2.6383	0.8111	0.0000	1.5132	0.0000	0.0000	2.1835	0.0000	0.3347	0.0908
Zap	22	1.9535	1.0000	3.5153	1.2837	0.0000	0.7985	0.0000	0.0000	1.7917	0.0000	0.2612	0.0161
Zap	23	2.1107	1.0000	2.6989	1.3056	0.0000	1.1310	0.0000	0.0000	2.1036	0.0000	0.0763	0.1404
Zap	24	0.9385	1.0000	3.4742	0.3737	0.0000	0.8712	0.0000	0.0000	1.5006	0.0000	0.1492	0.0000
Zap	25	1.1513	1.0000	4.0662	1.2228	0.0000	1.8320	0.0000	0.0000	2.6912	0.0000	0.0306	0.0046
Zap	26	1.1821	1.0000	2.8782	0.5962	0.0000	0.4108	0.0000	0.0000	0.9613	0.0000	0.0317	0.3631
Zap	27	0.8186	1.0000	2.7405	0.9927	0.0000	0.6158	0.0000	0.0000	2.6378	0.0000	0.3927	0.2959
Zap	28	2.0498	1.0000	3.3524	1.3279	0.0000	1.4180	0.0000	0.0000	2.1911	0.0000	0.1537	0.0353
Zap	29	1.0722	1.0000	2.9491	0.1020	0.0000	0.9588	0.0000	0.0000	0.9588	0.0000	0.3245	0.0529
Zap	30	1.6016	1.0000	3.4448	0.1209	0.0000	1.1841	0.0000	0.0000	2.5788	0.0000	0.1262	0.2642
Zap	31	2.0173	1.0000	3.1920	0.5334	0.0000	0.5976	0.0000	0.0000	1.7846	0.0000	0.0749	0.0006
Zap	32	0.6887	1.0000	4.1990	0.4283	0.0000	1.9658	0.0000	0.0000	2.4164	0.0000	0.1554	0.2085
Zap	33	1.6087	1.0000	2.9706	1.3660	0.0000	0.7024	0.0000	0.0000	1.3114	0.0000	0.1678	0.1769
Zap	34	1.5151	1.0000	4.4447	1.4496	0.0000	1.8387	0.0000	0.0000	0.5120	0.0000	0.0297	0.1991
Zap	35	1.3837	1.0000	3.6406	1.1308	0.0000	0.7844	0.0000	0.0000	2.0581	0.0000	0.2815	0.3407
Zap	36	1.4322	1.0000	3.3888	0.8031	0.0000	1.6464	0.0000	0.0000	1.6222	0.0000	0.1924	0.1831
Zap	37	2.1803	1.0000	3.5324	0.3390	0.0000	1.1152	0.0000	0.0000	1.1407	0.0000	0.3895	0.0029
Zap	38	0.8811	1.0000	2.6465	0.9705	0.0000	1.5850	0.0000	0.0000	2.8829	0.0000	0.2849	0.0016
Zap	39	2.0756	1.0000	3.0428	0.5296	0.0000	0.6932	0.0000	0.0000	1.7711	0.0000	0.1040	0.0008
Zap	40	1.5672	1.0000	2.9786	0.5946	0.0000	1.3875	0.0000	0.0000	0.8896	0.0000	0.1053	0.0001
Zap	41	0.9030	1.0000	4.0642	0.8985	0.0000	0.8711	0.0000	0.0000	1.9646	0.0000	0.0155	0.1719
Zap	42	0.9441	1.0000	2.7424	0.2763	0.0000	0.5319	0.0000	0.0000	0.7522	0.0000	0.1856	0.1172
Zap	43	0.8109	1.0000	4.3976	1.1593	0.0000	0.5619	0.0000	0.0000	0.8657	0.0000	0.2230	0.1312
Zap	44	1.3284	1.0000	3.2213	0.2565	0.0000	1.5925	0.0000	0.0000	1.1119	0.0000	0.0797	0.0135
Zap	45	2.0087	1.0000	4.0625	0.2783	0.0000	1.8858	0.0000	0.0000	2.3736	0.0000	0.1088	0.1097
Zap	46	2.0669	1.0000	3.9464	1.0948	0.0000	1.5248	0.0000	0.0000	1.7942	0.0000	0.0271	0.0653
Zap	47	0.7585	1.0000	3.6888	0.6835	0.0000	0.7613	0.0000	0.0000	2.9109	0.0000	0.0117	0.1082
Zap	48	0.7270	1.0000	3.0783	0.2270	0.0000	0.5368	0.0000	0.0000	2.8917	0.0000	0.1103	0.0186
Zap	49	1.6746	1.0000	3.0315	1.2916	0.0000	0.8297	0.0000	0.0000	2.8798	0.0000	0.2383	0.0558
Zap	50	0.7508	1.0000	4.4269	0.9920	0.0000	1.9190	0.0000	0.0000	1.6832	0.0000	0.1236	0.0267
Zap	51	1.1383	1.0000	4.0768	0.3104	0.0000	1.2012	0.0000	0.0000	1.1761	0.0000	0.1355	0.0209
Zap	52	0.9089	1.0000	2.9548	0.2485	0.0000	1.3191	0.0000	0.0000	1.3992	0.0000	0.2162	0.0852
Zap	53	2.0127	1.0000	3.5146	1.0229	0.0000	1.0900	0.0000	0.0000	2.2828	0.0000	0.1535	0.0471
Zap	54	0.8347	1.0000	3.3556	1.0763	0.0000	0.8807	0.0000	0.0000	2.7570	0.0000	0.1798	0.0499
Zap	55	1.2848	1.0000	3.9433	0.9315	0.0000	1.3878	0.0000	0.0000	2.5683	0.0000	0.2049	0.0049
Zap	56	1.2755	1.0000	4.3267	1.0836	0.0000	1.9169	0.0000	0.0000	0.7676	0.0000	0.2098	0.3022
Zap	57	1.7838	1.0000	4.0500	1.2346	0.0000	0.7103	0.0000	0.0000	2.5789	0.0000	0.3655	0.0272
Zap	58	1.9142	1.0000	2.8435	0.0861	0.0000	0.6523	0.0000	0.0000	1.3365	0.0000	0.1565	0.0216
Zap	59	1.2576	1.0000	4.4307	0.5684	0.0000	0.7527	0.0000	0.0000	0.5556	0.0000	0.3820	0.0000
Zap	60	0.8883	1.0000	3.8343	0.5723	0.0000	1.5270	0.0000	0.0000	2.9794	0.0000	0.1004	0.0098
Zap	61	1.9519	1.0000	3.9374	0.4546	0.0000	1.4207	0.0000	0.0000	2.0752	0.0000	0.2474	0.1012
Zap	62	0.9816	1.0000	3.4401	0.1747	0.0000	1.2091	0.0000	0.0000	2.3564	0.0000	0.1250	0.1566
Zap	63	0.9263	1.0000	3.3781	0.2184	0.0000	1.8710	0.0000	0.0000	2.8364	0.0000	0.2988	0.1915
Zap	64	1.1642	1.0000	2.6099	1.1723	0.0000	1.8997	0.0000	0.0000	1.9878	0.0000	0.1207	0.1064
Zap	65	0.8249	1.0000	2.7040	0.3716	0.0000	1.9134	0.0000	0.0000	1.8589	0.0000	0.0289	0.2477
Zap	66	1.0784	1.0000	2.8008	0.4558	0.0000	1.9361	0.0000	0.0000	1.2911	0.0000	0.2557	0.3043
Zap	67	1.2989	1.0000	3.2581	1.1568	0.0000	1.4919	0.0000	0.0000	2.4663	0.0000	0.1730	0.0019
Zap	68	0.6671	1.0000	2.5254	0.6630	0.0000	0.7369	0.0000	0.0000	2.3380	0.0000	0.3422	0.0026
Zap	69	1.4223	1.0000	2.7729	0.5333	0.0000	1.4754	0.0000	0.0000	0.5033	0.0000	0.3479	0.2807
Zap	70	0.8424	1.0000	3.2593	0.0917	0.0000	0.9147	0.0000	0.0000	0.6697	0.0000	0.1960	0.2368
Zap	71	0.7209	1.0000	4.0029	0.7473	0.0000	0.8395	0.0000	0.0000	1.6461	0.0000	0.2135	0.0683
Zap	72	1.2384	1.0000	3.3784	0.8146	0.0000	1.7900	0.0000	0.0000	0.6290	0.0000	0.0915	0.0507
Zap	73	1.7903	1.0000	4.0099	0.6531	0.0000	1.1596	0.0000	0.0000	2.7928	0.0000	0.3049	0.3978
Zap	74	1.0206	1.0000	4.4029	0.7380	0.0000	1.9982	0.0000	0.0000	2.5339	0.0000	0.2917	0.0012
Zap	75	2.0408	1.0000	3.5284	1.2565	0.0000	0.8976	0.0000	0.0000	0.9166	0.0000	0.1215	0.0105
Zap	76	1.4295	1.0000	3.7608	0.0459	0.0000	0.8021	0.0000	0.0000	0.7082	0.0000	0.2230	0.0385
Zap	77	0.6551	1.0000	2.9615	0.4629	0.0000	1.3287	0.0000	0.0000	1.7613	0.0000	0.2669	0.1586
Zap	78	1.2705	1.0000	3.4382	1.1817	0.0000	1.2115	0.0000	0.0000	0.9758	0.0000	0.0504	0.0603
Zap	79	1.9083	1.0000	3.8196	0.2815	0.0000	0.7004	0.0000	0.0000	1.0223	0.0000	0.1887	0.0125
Zap	80	2.0522	1.0000	3.1140	0.9408	0.0000	1.0486	0.0000	0.0000	1.9554	0.0000	0.1428	0.0145
Zap	81	1.8821	1.0000	3.9075	0.7184	0.0000	0.6345	0.0000	0.0000	0.8213	0.0000	0.0756	0.0001
Zap	82	2.0060	1.0000	3.4804	1.1910	0.0000	1.4693	0.0000	0.0000	1.2508	0.0000	0.0866	0.0007
Zap	83	0.9978	1.0000	4.4997	0.2706	0.0000	1.8393	0.0000	0.0000	2.7489	0.0000	0.2987	0.1716
Zap	84	1.7996	1.0000	3.4960	1.2170	0.0000	1.0362	0.0000	0.0000	1.6640	0.0000	0.1106	0.0651
Zap	85	1.0377	1.0000	3.7470	0.6791	0.0000	1.0206	0.0000	0.0000	1.1807	0.0000	0.0856	0.0332
Zap	86	1.0484	1.0000	3.7754	0.9130	0.0000	0.4194	0.0000	0.0000	0.5388	0.0000	0.1183	0.1641
Zap	87	0.7949	1.0000	3.8615	1.1073	0.0000	1.3715	0.0000	0.0000	2.4815	0.0000	0.3754	0.3829
Zap	88	1.6712	1.0000	3.9447	1.2673	0.0000	1.0874	0.0000	0.0000	1.5554	0.0000	0.0275	0.0553
Zap	89	1.9593	1.0000	2.6872	0.6804	0.0000	0.6239	0.0000	0.0000	1.3597	0.0000	0.0762	0.0053
Zap	90	0.9532	1.0000	3.1976	1.0553	0.0000	1.6255	0.0000	0.0000	1.0477	0.0000	0.3822	0.0402
Zap	91	1.2461	1.0000	3.9326	1.1134	0.0000	1.3037	0.0000	0.0000	1.9545	0.0000	0.1473	0.1569
Zap	92	1.2641	1.0000	2.9134	0.4338	0.0000	1.3510	0.0000	0.0000	2.7887	0.0000	0.1901	0.0044
Zap	93	0.9030	1.0000	3.2186	1.2473	0.0000	1.4266	0.0000	0.0000	1.6725	0.0000	0.0536	0.3113
Zap	94	0.7699	1.0000	3.1234	1.2156	0.0000	0.7943	0.0000	0.0000	1.3620	0.0000	0.1812	0.1058
Zap	95	1.6782	1.0000	3.5854	0.1208	0.0000	1.9069	0.0000	0.0000	0.8190	0.0000	0.0975	0.2157
Zap	96	1.6510	1.0000	2.6351	0.9461	0.0000	1.4938	0.0000	0.0000	2.4072	0.0000	0.2545	0.0021
Squelch	1	1.2743	1.0000	3.7287	1.3801	0.6602	1.4819	12.0000	0.0000	0.0000	0.0000	0.1674	0.0000
Squelch	2	0.6252	1.0000	3.3681	1.3942	0.9877	1.2081	12.0000	0.0000	0.0000	0.0000	0.1452	0.0000
Squelch	3	0.6692	1.0000	4.2318	0.6986	0.3155	1.1111	19.0000	0.0000	0.0000	0.0000	0.1623	0.0000
Squelch	4	0.7666	1.0000	4.0634	1.2302	0.7026	1.4361	19.0000	0.0000	0.0000	0.0000	0.2238	0.0000
Squelch	5	1.5563	1.0000	4.2284	0.6863	0.6634	2.5604	12.0000	0.0000	0.0000	0.0000	0.0894	0.0000
Squelch	6	1.4029	1.0000	3.4661	1.6342	0.7378	2.6988	19.0000	0.0000	0.0000	0.0000	0.1911	0.0000
Squelch	7	1.5559	1.0000	3.5381	0.9798	0.5521	2.9080	24.0000	0.0000	0.0000	0.0000	0.2441	0.0000
Squelch	8	0.9903	1.0000	3.9906	0.9812	0.7651	2.8101	17.0000	0.0000	0.0000	0.0000	0.2442	0.0000
Squelch	9	2.1430	1.0000	4.2160	1.2498	0.3578	1.2858	17.0000	0.0000	0.0000	0.0000	0.1576	0.0000
Squelch	10	1.2021	1.0000	3.6892	1.1270	0.4138	2.2427	19.0000	0.0000	0.0000	0.0000	0.1298	0.0000
Squelch	11	1.8036	1.0000	4.2575	1.5988	0.6821	1.4505	17.0000	0.0000	0.0000	0.0000	0.0763	0.0000
Squelch	12	1.3511	1.0000	4.2885	0.8029	0.7687	2.4857	24.0000	0.0000	0.0000	0.0000	0.1461	0.0000
Squelch	13	1.3837	1.0000	3.6381	0.6821	0.3355	1.0785	17.0000	0.0000	0.0000	0.0000	0.0662	0.0000
Squelch	14	1.7952	1.0000	3.3339	1.4961	0.9034	1.7597	17.0000	0.0000	0.0000	0.0000	0.1950	0.0000
Squelch	15	1.5359	1.0000	3.3403	0.8289	0.3472	2.7317	19.0000	0.0000	0.0000	0.0000	0.0630	0.0000
Squelch	16	0.7669	1.0000	3.6372	1.7983	0.6718	1.7710	24.0000	0.0000	0.0000	0.0000	0.2099	0.0000
Squelch	17	1.5343	1.0000	3.7995	0.8165	0.8409	2.1053	19.0000	0.0000	0.0000	0.0000	0.0158	0.0000
Squelch	18	1.7894	1.0000	4.0811	1.0333	0.8402	1.3533	12.0000	0.0000	0.0000	0.0000	0.1625	0.0000
Squelch	19	1.1915	1.0000	3.4198	1.0006	0.3241	2.8943	19.0000	0.0000	0.0000	0.0000	0.0274	0.0000
Squelch	20	1.9586	1.0000	4.0105	1.1457	0.5268	2.1994	17.0000	0.0000	0.0000	0.0000	0.0034	0.0000
Squelch	21	2.0533	1.0000	3.6890	1.6172	0.6647	2.2466	12.0000	0.0000	0.0000	0.0000	0.2114	0.0000
Squelch	22	1.8137	1.0000	4.1857	1.6316	0.8423	2.5327	19.0000	0.0000	0.0000	0.0000	0.1569	0.0000
Squelch	23	2.1218	1.0000	4.2388	1.5542	0.4005	1.4658	19.0000	0.0000	0.0000	0.0000	0.2008	0.0000
Squelch	24	1.0018	1.0000	3.3251	0.9315	0.5079	1.0373	12.0000	0.0000	0.0000	0.0000	0.2857	0.0000
Squelch	25	1.7706	1.0000	4.0803	1.5703	0.6585	1.2420	17.0000	0.0000	0.0000	0.0000	0.1474	0.0000
Squelch	26	1.0337	1.0000	3.8488	0.7746	0.6513	1.1970	19.0000	0.0000	0.0000	0.0000	0.2142	0.0000
Squelch	27	1.9075	1.0000	3.8992	0.7568	0.6542	2.3852	24.0000	0.0000	0.0000	0.0000	0.2796	0.0000
Squelch	28	0.8064	1.0000	4.1271	1.2430	0.6217	2.8580	17.0000	0.0000	0.0000	0.0000	0.0392	0.0000
Squelch	29	0.8403	1.0000	3.4675	1.1210	0.9933	1.8898	12.0000	0.0000	0.0000	0.0000	0.2080	0.0000
Squelch	30	1.4775	1.0000	3.4260	0.6031	0.5495	2.4575	19.0000	0.0000	0.0000	0.0000	0.0928	0.0000
Squelch	31	1.1611	1.0000	3.9654	1.0822	0.4465	1.5093	19.0000	0.0000	0.0000	0.0000	0.1956	0.0000
Squelch	32	0.9312	1.0000	3.9951	1.4684	0.5046	2.5779	17.0000	0.0000	0.0000	0.0000	0.0471	0.0000
Squelch	33	0.8390	1.0000	3.3428	0.7521	0.3352	2.5246	12.0000	0.0000	0.0000	0.0000	0.1604	0.0000
Squelch	34	0.9399	1.0000	3.3268	1.2981	0.4496	2.0433	19.0000	0.0000	0.0000	0.0000	0.1993	0.0000
Squelch	35	1.4307	1.0000	3.9898	1.7147	0.7175	1.7541	19.0000	0.0000	0.0000	0.0000	0.1773	0.0000
Squelch	36	0.8149	1.0000	3.4918	0.9530	0.9134	1.7300	24.0000	0.0000	0.0000	0.0000	0.1842	0.0000
Squelch	37	2.0499	1.0000	3.3499	0.6108	0.9536	2.7610	24.0000	0.0000	0.0000	0.0000	0.0520	0.0000
Squelch	38	1.5403	1.0000	4.1841	0.6055	0.8203	2.2758	17.0000	0.0000	0.0000	0.0000	0.1676	0.0000
Squelch	39	1.2681	1.0000	4.1674	1.0584	0.5911	2.1314	17.0000	0.0000	0.0000	0.0000	0.1456	0.0000
Squelch	40	1.2152	1.0000	3.3071	0.9551	0.7843	2.3734	17.0000	0.0000	0.0000	0.0000	0.2221	0.0000
Squelch	41	2.0615	1.0000	3.3043	1.4970	0.4310	1.3453	24.0000	0.0000	0.0000	0.0000	0.0333	0.0000
Squelch	42	1.1619	1.0000	3.3933	1.6096	0.5347	2.7293	19.0000	0.0000	0.0000	0.0000	0.2298	0.0000
Squelch	43	1.0338	1.0000	4.2830	1.6805	0.3058	1.9307	12.0000	0.0000	0.0000	0.0000	0.1507	0.0000
Squelch	44	1.6541	1.0000	3.5060	0.7134	0.8513	2.9753	19.0000	0.0000	0.0000	0.0000	0.2988	0.0000
Squelch	45	1.8121	1.0000	3.8301	1.3193	0.4870	1.3760	12.0000	0.0000	0.0000	0.0000	0.2562	0.0000
Squelch	46	1.2527	1.0000	4.0388	0.9316	0.8008	2.9671	24.0000	0.0000	0.0000	0.0000	0.1191	0.0000
Squelch	47	1.6092	1.0000	3.3106	0.8291	0.4533	1.1149	12.0000	0.0000	0.0000	0.0000	0.0632	0.0000
Squelch	48	1.2663	1.0000	3.8093	1.6397	0.3118	1.7124	19.0000	0.0000	0.0000	0.0000	0.2195	0.0000
Squelch	49	0.7162	1.0000	3.8481	0.8414	0.9857	1.7950	19.0000	0.0000	0.0000	0.0000	0.0876	0.0000
Squelch	50	1.9452	1.0000	4.1615	1.4769	0.5243	2.9903	24.0000	0.0000	0.0000	0.0000	0.1180	0.0000
Squelch	51	1.8825	1.0000	3.8339	1.6961	0.7108	1.1300	12.0000	0.0000	0.0000	0.0000	0.1376	0.0000
Squelch	52	0.9118	1.0000	3.6719	1.0352	0.4699	1.9141	12.0000	0.0000	0.0000	0.0000	0.0549	0.0000
Squelch	53	1.2210	1.0000	3.8550	1.0293	0.4388	2.4611	12.0000	0.0000	0.0000	0.0000	0.0277	0.0000
Squelch	54	2.1219	1.0000	3.6993	1.7979	0.3101	1.3171	12.0000	0.0000	0.0000	0.0000	0.2679	0.0000
Squelch	55	0.6515	1.0000	3.3407	1.3657	0.6782	2.9488	24.0000	0.0000	0.0000	0.0000	0.1236	0.0000
Squelch	56	1.6420	1.0000	3.6240	0.7126	0.3652	2.7572	19.0000	0.0000	0.0000	0.0000	0.2883	0.0000
Squelch	57	2.1342	1.0000	4.1351	0.7676	0.3367	1.7321	24.0000	0.0000	0.0000	0.0000	0.0143	0.0000
Squelch	58	1.3015	1.0000	3.8160	1.5822	0.5525	2.0683	24.0000	0.0000	0.0000	0.0000	0.2795	0.0000
Squelch	59	1.5281	1.0000	3.9687	0.9803	0.8129	2.4637	17.0000	0.0000	0.0000	0.0000	0.0600	0.0000
Squelch	60	1.3557	1.0000	3.5567	1.5397	0.6381	1.0492	24.0000	0.0000	0.0000	0.0000	0.1435	0.0000
Squelch	61	0.6380	1.0000	3.4281	1.4329	0.3838	1.5220	24.0000	0.0000	0.0000	0.0000	0.0235	0.0000
Squelch	62	1.6729	1.0000	3.5214	1.2409	0.5369	2.5444	24.0000	0.0000	0.0000	0.0000	0.2665	0.0000
Squelch	63	1.0582	1.0000	3.6985	0.7429	0.6010	2.6750	12.0000	0.0000	0.0000	0.0000	0.0131	0.0000
Squelch	64	1.8627	1.0000	3.8589	1.2065	0.8198	1.4346	17.0000	0.0000	0.0000	0.0000	0.1325	0.0000
Squelch	65	0.9967	1.0000	3.6566	0.7287	0.7311	1.3604	17.0000	0.0000	0.0000	0.0000	0.0792	0.0000
Squelch	66	1.0696	1.0000	3.4492	0.9601	0.9691	2.3057	17.0000	0.0000	0.0000	0.0000	0.2988	0.0000
Squelch	67	0.6031	1.0000	3.3965	1.6124	0.7643	2.9241	12.0000	0.0000	0.0000	0.0000	0.0034	0.0000
Squelch	68	1.6968	1.0000	4.2896	1.6538	0.5163	2.7676	24.0000	0.0000	0.0000	0.0000	0.1002	0.0000
Squelch	69	1.9989	1.0000	3.7518	1.7097	0.7206	1.7137	17.0000	0.0000	0.0000	0.0000	0.2572	0.0000
Squelch	70	2.0037	1.0000	3.6941	1.0022	0.5641	1.1380	24.0000	0.0000	0.0000	0.0000	0.1577	0.0000
Squelch	71	1.6818	1.0000	3.9679	0.9716	0.4730	2.8762	24.0000	0.0000	0.0000	0.0000	0.1354	0.0000
Squelch	72	1.9773	1.0000	3.9979	1.4295	0.6137	1.7553	19.0000	0.0000	0.0000	0.0000	0.1902	0.0000
Squelch	73	1.5192	1.0000	4.1297	1.0700	0.6021	2.3785	19.0000	0.0000	0.0000	0.0000	0.1048	0.0000
Squelch	74	1.9983	1.0000	3.5137	1.7819	0.9042	1.5417	17.0000	0.0000	0.0000	0.0000	0.1898	0.0000
Squelch	75	1.3496	1.0000	4.0373	1.6655	0.6574	1.6547	19.0000	0.0000	0.0000	0.0000	0.1820	0.0000
Squelch	76	2.0039	1.0000	3.6154	1.2841	0.3738	2.2818	12.0000	0.0000	0.0000	0.0000	0.1050	0.0000
Squelch	77	1.5594	1.0000	4.0698	0.9315	0.7793	2.6694	17.0000	0.0000	0.0000	0.0000	0.1329	0.0000
Squelch	78	1.4786	1.0000	3.7143	1.2539	0.3293	2.1959	24.0000	0.0000	0.0000	0.0000	0.0384	0.0000
Squelch	79	0.7237	1.0000	3.7704	1.0343	0.6441	2.1167	19.0000	0.0000	0.0000	0.0000	0.1585	0.0000
Squelch	80	1.9277	1.0000	3.4696	0.6193	0.7695	2.2926	19.0000	0.0000	0.0000	0.0000	0.0343	0.0000
Squelch	81	1.3924	1.0000	3.7262	0.9771	0.3289	1.3206	19.0000	0.0000	0.0000	0.0000	0.0270	0.0000
Squelch	82	2.0791	1.0000	4.2813	1.4938	0.9066	2.2462	24.0000	0.0000	0.0000	0.0000	0.1189	0.0000
Squelch	83	2.1044	1.0000	3.9980	1.3067	0.3582	1.4403	24.0000	0.0000	0.0000	0.0000	0.2778	0.0000
Squelch	84	1.2965	1.0000	3.8123	0.9250	0.6073	2.8333	12.0000	0.0000	0.0000	0.0000	0.1515	0.0000
Squelch	85	1.6538	1.0000	4.2538	1.5868	0.9351	2.3632	17.0000	0.0000	0.0000	0.0000	0.0096	0.0000
Squelch	86	1.1942	1.0000	3.5301	1.7295	0.3268	2.2598	19.0000	0.0000	0.0000	0.0000	0.2030	0.0000
Squelch	87	1.3774	1.0000	3.5567	1.3709	0.6262	2.5509	24.0000	0.0000	0.0000	0.0000	0.2539	0.0000
Squelch	88	0.9064	1.0000	3.6515	0.6229	0.5176	2.0032	19.0000	0.0000	0.0000	0.0000	0.1357	0.0000
Squelch	89	0.8212	1.0000	3.8131	1.0256	0.7758	2.9714	17.0000	0.0000	0.0000	0.0000	0.0882	0.0000
Squelch	90	1.7825	1.0000	4.2430	1.2603	0.9955	2.5557	24.0000	0.0000	0.0000	0.0000	0.2090	0.0000
Squelch	91	1.5241	1.0000	3.7336	0.6902	0.9832	2.7187	19.0000	0.0000	0.0000	0.0000	0.2560	0.0000
Squelch	92	1.0536	1.0000	3.4233	1.1469	0.3672	2.0878	19.0000	0.0000	0.0000	0.0000	0.2898	0.0000
Squelch	93	0.8904	1.0000	4.2151	1.0158	0.3434	2.1411	19.0000	0.0000	0.0000	0.0000	0.0122	0.0000
Squelch	94	1.8346	1.0000	3.9320	1.5341	0.4903	1.9724	17.0000	0.0000	0.0000	0.0000	0.0878	0.0000
Squelch	95	2.1859	1.0000	3.5190	1.4949	0.5102	2.3841	19.0000	0.0000	0.0000	0.0000	0.0761	0.0000
Squelch	96	0.7152	1.0000	3.6571	1.5757	0.8444	2.6935	17.0000	0.0000	0.0000	0.0000	0.2967	0.0000
Squelch	97	0.8286	1.0000	4.2094	1.1312	0.3735	1.7242	12.0000	0.0000	0.0000	0.0000	0.0950	0.0000
Squelch	98	1.5991	1.0000	4.1159	1.5037	0.9611	1.1065	19.0000	0.0000	0.0000	0.0000	0.1094	0.0000
Squelch	99	1.5477	1.0000	4.1711	1.0892	0.5436	1.5243	24.0000	0.0000	0.0000	0.0000	0.0664	0.0000
Squelch	100	0.9576	1.0000	4.1925	1.1981	0.3969	2.3684	17.0000	0.0000	0.0000	0.0000	0.2834	0.0000
Squelch	101	1.8706	1.0000	4.0736	0.7292	0.8722	2.2424	24.0000	0.0000	0.0000	0.0000	0.2410	0.0000
Squelch	102	1.5962	1.0000	4.0820	1.4022	0.4975	2.1292	17.0000	0.0000	0.0000	0.0000	0.2694	0.0000
Squelch	103	1.8830	1.0000	3.9555	1.0022	0.4344	1.0420	24.0000	0.0000	0.0000	0.0000	0.2292	0.0000
Squelch	104	1.7752	1.0000	3.5205	1.1999	0.6646	1.2979	19.0000	0.0000	0.0000	0.0000	0.0850	0.0000
Squelch	105	1.1976	1.0000	4.0430	1.5906	0.7414	1.3806	24.0000	0.0000	0.0000	0.0000	0.1768	0.0000
Squelch	106	1.7950	1.0000	3.4036	0.6587	0.7677	1.2680	19.0000	0.0000	0.0000	0.0000	0.1993	0.0000
Squelch	107	1.3340	1.0000	3.6302	1.7349	0.5683	2.2122	19.0000	0.0000	0.0000	0.0000	0.0561	0.0000
Squelch	108	1.2491	1.0000	4.0959	0.9111	0.9631	1.1558	12.0000	0.0000	0.0000	0.0000	0.1358	0.0000
Squelch	109	1.0708	1.0000	3.4346	1.1045	0.4769	2.4497	12.0000	0.0000	0.0000	0.0000	0.2568	0.0000
Squelch	110	1.0463	1.0000	3.6222	1.5128	0.6678	1.5896	19.0000	0.0000	0.0000	0.0000	0.1070	0.0000
Squelch	111	1.2354	1.0000	3.4968	1.0347	0.7320	2.0224	24.0000	0.0000	0.0000	0.0000	0.0525	0.0000
Squelch	112	1.8070	1.0000	4.0408	0.9280	0.3981	2.3578	24.0000	0.0000	0.0000	0.0000	0.1830	0.0000
Squelch	113	2.1412	1.0000	3.8473	1.1471	0.5514	2.7794	24.0000	0.0000	0.0000	0.0000	0.0027	0.0000
Squelch	114	0.9765	1.0000	3.3698	0.8776	0.3557	1.6448	19.0000	0.0000	0.0000	0.0000	0.1060	0.0000
Squelch	115	1.2333	1.0000	3.3337	1.6040	0.5103	1.5291	19.0000	0.0000	0.0000	0.0000	0.1569	0.0000
Squelch	116	1.6891	1.0000	3.7862	1.0973	0.3806	1.5305	19.0000	0.0000	0.0000	0.0000	0.1632	0.0000
Squelch	117	2.1136	1.0000	3.4847	1.2579	0.4039	2.3428	19.0000	0.0000	0.0000	0.0000	0.2327	0.0000
Squelch	118	1.8564	1.0000	3.7922	0.8558	0.7912	1.5124	19.0000	0.0000	0.0000	0.0000	0.1625	0.0000
Squelch	119	1.2912	1.0000	4.0812	1.4445	0.6299	2.8832	24.0000	0.0000	0.0000	0.0000	0.2007	0.0000
Squelch	120	1.6614	1.0000	3.4239	1.4251	0.5183	1.1354	19.0000	0.0000	0.0000	0.0000	0.0551	0.0000
Squelch	121	1.9653	1.0000	3.6327	1.2117	0.6239	2.8412	17.0000	0.0000	0.0000	0.0000	0.2191	0.0000
Squelch	122	1.5075	1.0000	3.4070	0.7506	0.3063	2.8565	12.0000	0.0000	0.0000	0.0000	0.0848	0.0000
Squelch	123	2.1765	1.0000	3.9986	0.6854	0.6528	2.0126	17.0000	0.0000	0.0000	0.0000	0.2523	0.0000
Squelch	124	1.1807	1.0000	3.4787	1.3781	0.6313	1.6455	24.0000	0.0000	0.0000	0.0000	0.0781	0.0000
Squelch	125	1.7680	1.0000	3.3139	0.8105	0.9651	1.9468	24.0000	0.0000	0.0000	0.0000	0.1180	0.0000
Squelch	126	1.0276	1.0000	3.5934	1.4590	0.4750	1.1774	12.0000	0.0000	0.0000	0.0000	0.2238	0.0000
Squelch	127	1.2123	1.0000	3.8183	1.5749	0.4441	1.9237	24.0000	0.0000	0.0000	0.0000	0.2481	0.0000
Squelch	128	1.9106	1.0000	4.0194	0.8833	0.6900	1.3951	12.0000	0.0000	0.0000	0.0000	0.1393	0.0000
Bubble	1	1.5579	1.0000	0.0000	0.0000	0.0000	0.0000	0.0000	0.0000	8.7096	0.6911	0.1127	0.0000
Bubble	2	1.1671	1.0000	0.0000	0.0000	0.0000	0.0000	0.0000	0.0000	7.6914	0.5628	0.2940	0.0000
Bubble	3	1.8501	1.0000	0.0000	0.0000	0.0000	0.0000	0.0000	0.0000	4.9989	0.8400	0.4360	0.0000
Bubble	4	1.9289	1.0000	0.0000	0.0000	0.0000	0.0000	0.0000	0.0000	6.2967	0.8807	0.1947	0.0000
Bubble	5	1.1082	1.0000	0.0000	0.0000	0.0000	0.0000	0.0000	0.0000	3.7164	0.5422	0.1599	0.0000
Bubble	6	1.4588	1.0000	0.0000	0.0000	0.0000	0.0000	0.0000	0.0000	8.5815	0.6998	0.4098	0.0000
Bubble	7	1.0504	1.0000	0.0000	0.0000	0.0000	0.0000	0.0000	0.0000	7.2461	0.9678	0.4676	0.0000
Bubble	8	1.9954	1.0000	0.0000	0.0000	0.0000	0.0000	0.0000	0.0000	7.7595	0.8082	0.3868	0.0000
Bubble	9	2.0630	1.0000	0.0000	0.0000	0.0000	0.0000	0.0000	0.0000	4.1569	0.9825	0.1602	0.0000
Bubble	10	0.6653	1.0000	0.0000	0.0000	0.0000	0.0000	0.0000	0.0000	7.8331	0.6441	0.3394	0.0000
Bubble	11	1.8898	1.0000	0.0000	0.0000	0.0000	0.0000	0.0000	0.0000	4.6174	0.7721	0.3700	0.0000
Bubble	12	1.9548	1.0000	0.0000	0.0000	0.0000	0.0000	0.0000	0.0000	8.0925	0.8943	0.1023	0.0000
Bubble	13	0.7781	1.0000	0.0000	0.0000	0.0000	0.0000	0.0000	0.0000	8.9814	0.5370	0.2017	0.0000
Bubble	14	1.3533	1.0000	0.0000	0.0000	0.0000	0.0000	0.0000	0.0000	7.7189	0.5654	0.1789	0.0000
Bubble	15	1.7426	1.0000	0.0000	0.0000	0.0000	0.0000	0.0000	0.0000	7.8539	0.6870	0.3033	0.0000
Bubble	16	1.9419	1.0000	0.0000	0.0000	0.0000	0.0000	0.0000	0.0000	5.0047	0.7560	0.2861	0.0000
Bubble	17	1.4942	1.0000	0.0000	0.0000	0.0000	0.0000	0.0000	0.0000	3.4362	0.6135	0.4517	0.0000
Bubble	18	1.2656	1.0000	0.0000	0.0000	0.0000	0.0000	0.0000	0.0000	8.7399	0.5977	0.2206	0.0000
Bubble	19	1.7013	1.0000	0.0000	0.0000	0.0000	0.0000	0.0000	0.0000	7.5610	0.5409	0.3084	0.0000
Bubble	20	1.2129	1.0000	0.0000	0.0000	0.0000	0.0000	0.0000	0.0000	4.0925	0.9215	0.4393	0.0000
Bubble	21	2.1774	1.0000	0.0000	0.0000	0.0000	0.0000	0.0000	0.0000	3.0275	0.5815	0.4048	0.0000
Bubble	22	0.6372	1.0000	0.0000	0.0000	0.0000	0.0000	0.0000	0.0000	5.1216	0.7812	0.4567	0.0000
Bubble	23	1.2240	1.0000	0.0000	0.0000	0.0000	0.0000	0.0000	0.0000	5.6214	0.7247	0.4419	0.0000
Bubble	24	1.0712	1.0000	0.0000	0.0000	0.0000	0.0000	0.0000	0.0000	7.7201	0.9232	0.1059	0.0000
Bubble	25	1.2663	1.0000	0.0000	0.0000	0.0000	0.0000	0.0000	0.0000	3.9372	0.9565	0.1459	0.0000
Bubble	26	0.7206	1.0000	0.0000	0.0000	0.0000	0.0000	0.0000	0.0000	3.1838	0.7144	0.4601	0.0000
Bubble	27	1.2496	1.0000	0.0000	0.0000	0.0000	0.0000	0.0000	0.0000	7.1232	0.5962	0.4135	0.0000
Bubble	28	0.6250	1.0000	0.0000	0.0000	0.0000	0.0000	0.0000	0.0000	8.4563	0.6045	0.4531	0.0000
Bubble	29	2.2942	1.0000	0.0000	0.0000	0.0000	0.0000	0.0000	0.0000	4.4161	0.8557	0.1196	0.0000
Bubble	30	1.3808	1.0000	0.0000	0.0000	0.0000	0.0000	0.0000	0.0000	6.2755	0.6905	0.4862	0.0000
Bubble	31	0.9702	1.0000	0.0000	0.0000	0.0000	0.0000	0.0000	0.0000	4.3420	0.5320	0.3189	0.0000
Bubble	32	0.8799	1.0000	0.0000	0.0000	0.0000	0.0000	0.0000	0.0000	5.5811	0.5724	0.3298	0.0000
Bubble	33	2.2058	1.0000	0.0000	0.0000	0.0000	0.0000	0.0000	0.0000	7.9632	0.8247	0.4011	0.0000
Bubble	34	1.3194	1.0000	0.0000	0.0000	0.0000	0.0000	0.0000	0.0000	4.7566	0.6481	0.1226	0.0000
Bubble	35	1.6848	1.0000	0.0000	0.0000	0.0000	0.0000	0.0000	0.0000	7.1110	0.5290	0.1869	0.0000
Bubble	36	1.8185	1.0000	0.0000	0.0000	0.0000	0.0000	0.0000	0.0000	4.0640	0.7829	0.4868	0.0000
Bubble	37	1.6460	1.0000	0.0000	0.0000	0.0000	0.0000	0.0000	0.0000	7.4631	0.7691	0.3032	0.0000
Bubble	38	0.9727	1.0000	0.0000	0.0000	0.0000	0.0000	0.0000	0.0000	6.9902	0.8660	0.1517	0.0000
Bubble	39	1.1558	1.0000	0.0000	0.0000	0.0000	0.0000	0.0000	0.0000	5.4030	0.6101	0.3686	0.0000
Bubble	40	1.9641	1.0000	0.0000	0.0000	0.0000	0.0000	0.0000	0.0000	5.3290	0.8748	0.4959	0.0000
Bubble	41	1.9580	1.0000	0.0000	0.0000	0.0000	0.0000	0.0000	0.0000	5.3754	0.8885	0.1255	0.0000
Bubble	42	1.0160	1.0000	0.0000	0.0000	0.0000	0.0000	0.0000	0.0000	8.8215	0.9419	0.4667	0.0000
Bubble	43	1.4092	1.0000	0.0000	0.0000	0.0000	0.0000	0.0000	0.0000	3.3752	0.5640	0.4410	0.0000
Bubble	44	1.6852	1.0000	0.0000	0.0000	0.0000	0.0000	0.0000	0.0000	7.3874	0.5127	0.3664	0.0000
Bubble	45	1.8118	1.0000	0.0000	0.0000	0.0000	0.0000	0.0000	0.0000	8.9073	0.9403	0.4739	0.0000
Bubble	46	1.9886	1.0000	0.0000	0.0000	0.0000	0.0000	0.0000	0.0000	4.7838	0.9963	0.2267	0.0000
Bubble	47	0.6110	1.0000	0.0000	0.0000	0.0000	0.0000	0.0000	0.0000	5.1369	0.5634	0.4088	0.0000
Bubble	48	2.0900	1.0000	0.0000	0.0000	0.0000	0.0000	0.0000	0.0000	3.7811	0.5230	0.4577	0.0000
Bubble	49	2.3268	1.0000	0.0000	0.0000	0.0000	0.0000	0.0000	0.0000	5.3093	0.6137	0.4641	0.0000
Bubble	50	1.4806	1.0000	0.0000	0.0000	0.0000	0.0000	0.0000	0.0000	5.3890	0.8991	0.3799	0.0000
Bubble	51	1.8967	1.0000	0.0000	0.0000	0.0000	0.0000	0.0000	0.0000	4.9440	0.8264	0.3768	0.0000
Bubble	52	2.0895	1.0000	0.0000	0.0000	0.0000	0.0000	0.0000	0.0000	5.1762	0.9253	0.4751	0.0000
Bubble	53	0.6552	1.0000	0.0000	0.0000	0.0000	0.0000	0.0000	0.0000	6.2773	0.6505	0.4852	0.0000
Bubble	54	1.9642	1.0000	0.0000	0.0000	0.0000	0.0000	0.0000	0.0000	5.0573	0.9568	0.1565	0.0000
Bubble	55	1.3269	1.0000	0.0000	0.0000	0.0000	0.0000	0.0000	0.0000	5.9276	0.6959	0.1757	0.0000
Bubble	56	2.1506	1.0000	0.0000	0.0000	0.0000	0.0000	0.0000	0.0000	7.4417	0.6906	0.1483	0.0000
Bubble	57	1.0941	1.0000	0.0000	0.0000	0.0000	0.0000	0.0000	0.0000	5.7012	0.5530	0.2241	0.0000
Bubble	58	2.0417	1.0000	0.0000	0.0000	0.0000	0.0000	0.0000	0.0000	6.1184	0.9590	0.2849	0.0000
Bubble	59	1.2679	1.0000	0.0000	0.0000	0.0000	0.0000	0.0000	0.0000	6.2388	0.9000	0.4887	0.0000
Bubble	60	1.3191	1.0000	0.0000	0.0000	0.0000	0.0000	0.0000	0.0000	3.4858	0.8753	0.2492	0.0000
Bubble	61	0.9705	1.0000	0.0000	0.0000	0.0000	0.0000	0.0000	0.0000	8.0844	0.9770	0.3509	0.0000
Bubble	62	1.6845	1.0000	0.0000	0.0000	0.0000	0.0000	0.0000	0.0000	7.9648	0.9185	0.2372	0.0000
Bubble	63	1.6451	1.0000	0.0000	0.0000	0.0000	0.0000	0.0000	0.0000	3.3024	0.9965	0.1024	0.0000
Bubble	64	1.3748	1.0000	0.0000	0.0000	0.0000	0.0000	0.0000	0.0000	3.7222	0.8865	0.1362	0.0000
ReverseCrash	1	0.8473	0.0000	4.6774	4.8348	0.4622	6.2215	0.0000	0.0000	0.4281	0.1543	0.2427	0.5060
ReverseCrash	2	1.6848	0.0000	3.9390	5.3314	0.7166	4.5963	0.0000	0.0000	0.5456	0.5844	0.4199	0.7449
ReverseCrash	3	1.0541	0.0000	3.6940	4.6995	0.3436	5.9343	0.0000	0.0000	0.4172	0.5631	0.3281	0.9491
ReverseCrash	4	1.0109	0.0000	4.6409	4.8915	0.5630	5.0385	0.0000	0.0000	0.1685	0.5136	0.7515	0.6766
ReverseCrash	5	1.8419	0.0000	4.0741	5.1642	0.6328	4.8215	0.0000	0.0000	0.5355	0.1172	0.4808	0.8277
ReverseCrash	6	1.9656	0.0000	4.6036	5.3205	0.8176	6.7044	0.0000	0.0000	0.5663	0.5419	0.4904	0.3569
ReverseCrash	7	1.2765	0.0000	4.2276	4.6689	0.7301	3.3639	0.0000	0.0000	0.2667	0.4111	0.6266	0.4867
ReverseCrash	8	1.5588	0.0000	4.2111	4.8901	0.4434	3.5649	0.0000	0.0000	0.4483	0.5201	0.7857	0.6271
ReverseCrash	9	1.1737	0.0000	4.1887	5.2499	0.7397	4.4979	0.0000	0.0000	0.4773	0.5398	0.6497	0.7425
ReverseCrash	10	1.3965	0.0000	4.0356	5.1341	0.5076	5.9353	0.0000	0.0000	0.3420	0.1584	0.7297	0.9798
ReverseCrash	11	1.5814	0.0000	3.8355	4.8806	0.7515	4.4842	0.0000	0.0000	0.5285	0.1903	0.2817	0.5332
ReverseCrash	12	0.8471	0.0000	4.4309	4.8465	0.8923	6.9558	0.0000	0.0000	0.5317	0.4910	0.3188	0.8525
ReverseCrash	13	1.5798	0.0000	4.3150	4.5326	0.3557	3.3456	0.0000	0.0000	0.5004	0.4824	0.5243	0.9152
ReverseCrash	14	1.4729	0.0000	3.9340	4.6609	0.4561	6.9754	0.0000	0.0000	0.4970	0.2666	0.6694	0.6166
ReverseCrash	15	1.4207	0.0000	4.3107	5.3518	0.3040	6.4114	0.0000	0.0000	0.4821	0.3647	0.7023	0.7535
ReverseCrash	16	0.8403	0.0000	4.6198	4.7803	0.3817	6.3848	0.0000	0.0000	0.5845	0.4412	0.7005	0.6909
ReverseCrash	17	1.5268	0.0000	3.7254	5.0944	0.3407	4.9226	0.0000	0.0000	0.1617	0.4314	0.4340	0.5770
ReverseCrash	18	2.1479	0.0000	4.8846	4.9136	0.3380	6.0199	0.0000	0.0000	0.3006	0.5580	0.4668	0.9445
ReverseCrash	19	2.1083	0.0000	3.7043	5.1927	0.7965	4.2482	0.0000	0.0000	0.3051	0.1581	0.2566	0.6016
ReverseCrash	20	1.2289	0.0000	4.0418	5.0859	0.3325	3.9670	0.0000	0.0000	0.3310	0.4610	0.6076	0.3608
ReverseCrash	21	2.1680	0.0000	4.0022	5.1780	0.4859	6.1746	0.0000	0.0000	0.2350	0.4467	0.4766	0.7781
ReverseCrash	22	1.2953	0.0000	3.5343	5.4947	0.7728	5.4810	0.0000	0.0000	0.4471	0.2506	0.7585	0.9627
ReverseCrash	23	1.2889	0.0000	4.2935	5.0183	0.8020	5.5295	0.0000	0.0000	0.5080	0.2826	0.6662	0.4213
ReverseCrash	24	1.2104	0.0000	4.7040	5.4710	0.4011	4.7356	0.0000	0.0000	0.3973	0.4653	0.7581	0.8570
ReverseCrash	25	2.0436	0.0000	4.2999	5.2670	0.8134	5.3855	0.0000	0.0000	0.4550	0.3469	0.5690	0.8767
ReverseCrash	26	2.2403	0.0000	4.7076	4.9632	0.3528	3.7284	0.0000	0.0000	0.1436	0.1572	0.6522	0.9317
ReverseCrash	27	1.5947	0.0000	4.9517	4.7679	0.4830	4.3411	0.0000	0.0000	0.4697	0.2003	0.5135	0.3357
ReverseCrash	28	1.9598	0.0000	4.3603	4.7377	0.5562	5.7634	0.0000	0.0000	0.5882	0.2710	0.3742	0.5642
ReverseCrash	29	0.8470	0.0000	4.1995	5.0493	0.5993	4.2539	0.0000	0.0000	0.1643	0.5194	0.3558	0.4402
ReverseCrash	30	0.7829	0.0000	3.6601	5.0711	0.6521	6.1088	0.0000	0.0000	0.4988	0.1245	0.3240	0.8132
ReverseCrash	31	1.2625	0.0000	4.1774	5.4684	0.3354	5.1165	0.0000	0.0000	0.2706	0.5810	0.4585	0.6588
ReverseCrash	32	1.8124	0.0000	3.7133	5.2238	0.6625	6.5858	0.0000	0.0000	0.4914	0.5206	0.5780	0.9380
ReverseCrash	33	1.6596	0.0000	4.2751	4.7852	0.5796	5.0435	0.0000	0.0000	0.4272	0.3572	0.7017	0.3342
ReverseCrash	34	1.9284	0.0000	4.9521	4.5549	0.5559	4.4435	0.0000	0.0000	0.1848	0.4480	0.2188	0.8492
ReverseCrash	35	0.8873	0.0000	3.6067	5.2547	0.4399	4.1061	0.0000	0.0000	0.1819	0.3790	0.4767	0.5545
ReverseCrash	36	1.6099	0.0000	3.8599	4.6642	0.5399	6.0346	0.0000	0.0000	0.3188	0.2101	0.3735	0.7513
ReverseCrash	37	2.0239	0.0000	4.0339	5.4601	0.7852	6.2849	0.0000	0.0000	0.3218	0.2483	0.3402	0.5411
ReverseCrash	38	1.9813	0.0000	4.4332	4.7926	0.3624	5.9115	0.0000	0.0000	0.3151	0.3776	0.3394	0.3169
ReverseCrash	39	1.2043	0.0000	4.2198	5.2806	0.5674	6.4010	0.0000	0.0000	0.4612	0.3574	0.7662	0.8538
ReverseCrash	40	1.7294	0.0000	4.6106	5.0640	0.6576	6.9598	0.0000	0.0000	0.4378	0.2006	0.5937	0.9689
ReverseCrash	41	1.5687	0.0000	3.9554	5.2410	0.7146	4.0901	0.0000	0.0000	0.2633	0.1568	0.7607	0.7627
ReverseCrash	42	1.5160	0.0000	3.9215	5.1101	0.8919	4.1347	0.0000	0.0000	0.5446	0.2324	0.2548	0.5097
ReverseCrash	43	0.9163	0.0000	4.8306	5.0113	0.8027	6.2954	0.0000	0.0000	0.2952	0.5906	0.3475	0.9560
ReverseCrash	44	1.3311	0.0000	4.8814	4.9582	0.7633	5.9889	0.0000	0.0000	0.1881	0.5444	0.3260	0.4734
ReverseCrash	45	2.1302	0.0000	4.1317	5.0069	0.4165	4.9375	0.0000	0.0000	0.5457	0.2366	0.6335	0.5671
ReverseCrash	46	1.3104	0.0000	4.6430	4.9188	0.4604	3.9760	0.0000	0.0000	0.5346	0.3826	0.7264	0.6964
ReverseCrash	47	1.1828	0.0000	3.9428	4.7379	0.7576	3.6998	0.0000	0.0000	0.4906	0.5816	0.3364	0.6808
ReverseCrash	48	1.4616	0.0000	4.8175	5.0913	0.6334	5.2117	0.0000	0.0000	0.5631	0.5660	0.4266	0.6463
ReverseCrash	49	1.5264	0.0000	3.5321	4.5406	0.4228	4.5602	0.0000	0.0000	0.4287	0.1004	0.4653	0.3306
ReverseCrash	50	2.2012	0.0000	3.9876	4.7828	0.8132	4.4380	0.0000	0.0000	0.3541	0.3780	0.2984	0.4391
ReverseCrash	51	1.2748	0.0000	3.5952	5.2895	0.8435	3.7817	0.0000	0.0000	0.4361	0.2111	0.2248	0.7555
ReverseCrash	52	2.1198	0.0000	3.6523	5.0650	0.7337	4.5208	0.0000	0.0000	0.5041	0.5850	0.3547	0.7501
ReverseCrash	53	1.4024	0.0000	3.5810	5.0102	0.8573	3.3318	0.0000	0.0000	0.4547	0.5007	0.4864	0.5500
ReverseCrash	54	1.7591	0.0000	4.0775	5.1021	0.5928	6.7626	0.0000	0.0000	0.5038	0.5827	0.3220	0.4778
ReverseCrash	55	1.3664	0.0000	4.7952	5.2464	0.3600	6.9676	0.0000	0.0000	0.5304	0.3682	0.3003	0.7273
ReverseCrash	56	1.8917	0.0000	3.8423	5.2869	0.6715	5.1841	0.0000	0.0000	0.1704	0.4855	0.3913	0.8270
ReverseCrash	57	1.4013	0.0000	4.1345	4.9854	0.7675	6.7281	0.0000	0.0000	0.5177	0.2184	0.7404	0.6131
ReverseCrash	58	1.2241	0.0000	4.5769	5.1792	0.3710	6.2144	0.0000	0.0000	0.1304	0.5367	0.5861	0.4336
ReverseCrash	59	1.6489	0.0000	4.9859	5.0209	0.3045	4.6629	0.0000	0.0000	0.1961	0.3293	0.7559	0.7059
ReverseCrash	60	1.5091	0.0000	3.9454	5.4831	0.3996	6.7737	0.0000	0.0000	0.2221	0.4549	0.5178	0.4116
ReverseCrash	61	1.4427	0.0000	4.9632	4.8013	0.7822	4.3028	0.0000	0.0000	0.1081	0.1696	0.2374	0.8882
ReverseCrash	62	0.7684	0.0000	4.7684	5.3987	0.4086	3.5488	0.0000	0.0000	0.1395	0.4308	0.2073	0.6547
ReverseCrash	63	2.0960	0.0000	4.5955	4.6238	0.5253	3.5821	0.0000	0.0000	0.5435	0.2959	0.2695	0.9296
ReverseCrash	64	1.5986	0.0000	3.8193	5.3084	0.7503	5.2823	0.0000	0.0000	0.5473	0.1320	0.6577	0.5212
ReverseCrash	65	1.9003	0.0000	4.6942	4.5794	0.8084	5.0416	0.0000	0.0000	0.2431	0.4323	0.3959	0.9297
ReverseCrash	66	0.8341	0.0000	3.8783	4.9197	0.4096	5.7497	0.0000	0.0000	0.1369	0.1731	0.4247	0.9335
ReverseCrash	67	0.8880	0.0000	4.0257	5.1321	0.5494	5.7240	0.0000	0.0000	0.2822	0.2931	0.4801	0.3030
ReverseCrash	68	1.7018	0.0000	4.0832	4.7773	0.5355	3.3455	0.0000	0.0000	0.3430	0.3819	0.6655	0.8649
ReverseCrash	69	1.7224	0.0000	4.2557	5.0861	0.7859	6.0478	0.0000	0.0000	0.4713	0.4186	0.3599	0.9622
ReverseCrash	70	1.9067	0.0000	4.0911	5.1671	0.3817	6.8094	0.0000	0.0000	0.2700	0.5958	0.7303	0.6835
ReverseCrash	71	2.2448	0.0000	4.8717	4.5222	0.5296	5.0302	0.0000	0.0000	0.4216	0.1911	0.5951	0.8078
ReverseCrash	72	1.4849	0.0000	3.7228	5.3482	0.3151	3.1911	0.0000	0.0000	0.2635	0.5199	0.2051	0.4305
ReverseCrash	73	1.0495	0.0000	3.6611	5.1532	0.5245	3.8018	0.0000	0.0000	0.5216	0.3051	0.2059	0.6820
ReverseCrash	74	2.0616	0.0000	4.9404	4.8692	0.8344	5.0712	0.0000	0.0000	0.3610	0.2850	0.4927	0.6451
ReverseCrash	75	1.9419	0.0000	4.8153	5.3982	0.4522	5.2654	0.0000	0.0000	0.2496	0.4000	0.7001	0.5164
ReverseCrash	76	1.6000	0.0000	4.1515	4.5749	0.5718	5.8043	0.0000	0.0000	0.3306	0.3230	0.2827	0.9192
ReverseCrash	77	2.1752	0.0000	4.8344	4.7961	0.8675	5.0077	0.0000	0.0000	0.2773	0.1897	0.3494	0.4867
ReverseCrash	78	1.6721	0.0000	3.6276	4.7159	0.7153	5.0475	0.0000	0.0000	0.1515	0.5989	0.5058	0.5646
ReverseCrash	79	1.0803	0.0000	3.8952	4.8388	0.3135	6.2527	0.0000	0.0000	0.5108	0.4571	0.4267	0.4260
ReverseCrash	80	1.8666	0.0000	3.7963	4.7397	0.5505	5.5642	0.0000	0.0000	0.4940	0.2055	0.5970	0.6425
ReverseCrash	81	0.7537	0.0000	3.6702	5.3741	0.3863	5.9411	0.0000	0.0000	0.3200	0.3056	0.4533	0.8841
ReverseCrash	82	2.2096	0.0000	4.6897	5.4258	0.6259	5.6033	0.0000	0.0000	0.3166	0.1154	0.3756	0.6414
ReverseCrash	83	0.9505	0.0000	3.6374	5.2147	0.7350	5.3576	0.0000	0.0000	0.1279	0.1781	0.2273	0.3002
ReverseCrash	84	0.8693	0.0000	4.5150	5.4410	0.8316	3.8467	0.0000	0.0000	0.1844	0.3827	0.4269	0.5319
ReverseCrash	85	1.4663	0.0000	4.7914	4.6920	0.6201	4.2949	0.0000	0.0000	0.5354	0.4750	0.4947	0.6782
ReverseCrash	86	1.7956	0.0000	3.8803	5.3111	0.7504	4.8063	0.0000	0.0000	0.3413	0.4616	0.7452	0.5771
ReverseCrash	87	1.5574	0.0000	3.7301	5.0809	0.5366	6.9643	0.0000	0.0000	0.1462	0.3546	0.5935	0.7120
ReverseCrash	88	1.3259	0.0000	4.6368	4.5773	0.3245	3.5223	0.0000	0.0000	0.1215	0.5862	0.4708	0.9750
ReverseCrash	89	2.1220	0.0000	4.0017	5.3137	0.3858	5.6000	0.0000	0.0000	0.5951	0.4535	0.4970	0.6465
ReverseCrash	90	2.1597	0.0000	4.9611	5.1185	0.7762	5.3804	0.0000	0.0000	0.4790	0.2471	0.7093	0.6356
ReverseCrash	91	1.4831	0.0000	3.8263	5.2968	0.3896	5.0386	0.0000	0.0000	0.4660	0.5994	0.6300	0.4806
ReverseCrash	92	1.9236	0.0000	3.5358	5.0462	0.3780	3.4883	0.0000	0.0000	0.2729	0.1458	0.3139	0.9139
ReverseCrash	93	1.0189	0.0000	4.0722	5.1246	0.3210	3.7601	0.0000	0.0000	0.5031	0.4107	0.5480	0.7644
ReverseCrash	94	1.1963	0.0000	4.7962	5.2737	0.4540	5.9628	0.0000	0.0000	0.5332	0.1421	0.7393	0.3084
ReverseCrash	95	1.7397	0.0000	4.5992	5.3561	0.3567	6.4487	0.0000	0.0000	0.4743	0.3240	0.7124	0.9476
ReverseCrash	96	1.0426	0.0000	4.9184	5.0866	0.6546	4.6724	0.0000	0.0000	0.4943	0.5790	0.7323	0.7543
ReverseCrash	97	1.0230	0.0000	4.3282	5.0628	0.5811	3.6809	0.0000	0.0000	0.5781	0.2252	0.5256	0.6919
ReverseCrash	98	1.0031	0.0000	4.6843	4.8047	0.6569	5.1370	0.0000	0.0000	0.5248	0.2703	0.3248	0.6564
ReverseCrash	99	2.0766	0.0000	3.9250	4.9907	0.4309	6.2674	0.0000	0.0000	0.1800	0.5238	0.2278	0.6013
ReverseCrash	100	2.1756	0.0000	4.6962	4.9107	0.6379	4.6349	0.0000	0.0000	0.4935	0.5641	0.4345	0.6544
ReverseCrash	101	1.5093	0.0000	4.7745	4.8971	0.7374	6.0207	0.0000	0.0000	0.3627	0.3053	0.7256	0.9901
ReverseCrash	102	1.5484	0.0000	3.7583	5.1075	0.3564	6.1961	0.0000	0.0000	0.4002	0.4643	0.3728	0.4084
ReverseCrash	103	1.0869	0.0000	4.7643	4.5586	0.4900	4.8721	0.0000	0.0000	0.4628	0.4959	0.2361	0.7475
ReverseCrash	104	2.2443	0.0000	3.7873	5.2390	0.7340	5.6506	0.0000	0.0000	0.4143	0.1032	0.2220	0.9853
ReverseCrash	105	1.5354	0.0000	3.8268	5.4492	0.8858	6.4279	0.0000	0.0000	0.1240	0.1153	0.4819	0.3767
ReverseCrash	106	1.9626	0.0000	4.0614	4.8544	0.5299	5.3805	0.0000	0.0000	0.4141	0.5427	0.7302	0.9893
ReverseCrash	107	1.1688	0.0000	3.5132	5.0947	0.8780	6.3553	0.0000	0.0000	0.5816	0.5102	0.6607	0.9996
ReverseCrash	108	0.8392	0.0000	3.6934	5.0247	0.5397	4.8890	0.0000	0.0000	0.2628	0.1111	0.6243	0.5655
ReverseCrash	109	0.9459	0.0000	4.6686	4.5909	0.6306	6.6559	0.0000	0.0000	0.5315	0.4376	0.4893	0.8278
ReverseCrash	110	1.8817	0.0000	3.6287	4.9079	0.5207	6.8816	0.0000	0.0000	0.3201	0.4808	0.3906	0.3820
ReverseCrash	111	1.0444	0.0000	4.1588	4.7724	0.8993	3.7386	0.0000	0.0000	0.2605	0.3783	0.3041	0.9112
ReverseCrash	112	1.4830	0.0000	3.9237	4.9200	0.3221	5.0311	0.0000	0.0000	0.2129	0.1798	0.3904	0.8669
ReverseCrash	113	0.8360	0.0000	3.7491	4.5363	0.7141	4.2571	0.0000	0.0000	0.5509	0.5889	0.2950	0.6914
ReverseCrash	114	0.8613	0.0000	4.2634	5.0336	0.8162	5.4539	0.0000	0.0000	0.5287	0.2352	0.6961	0.8798
ReverseCrash	115	1.6097	0.0000	4.0596	4.6104	0.7879	5.4480	0.0000	0.0000	0.1292	0.2165	0.3064	0.7747
ReverseCrash	116	1.4558	0.0000	3.7515	4.7643	0.6448	4.9239	0.0000	0.0000	0.5014	0.1288	0.2276	0.8339
ReverseCrash	117	1.8352	0.0000	3.7822	4.7788	0.5048	4.5278	0.0000	0.0000	0.4646	0.5843	0.3644	0.7234
ReverseCrash	118	1.1028	0.0000	4.4239	5.3948	0.5176	3.2131	0.0000	0.0000	0.2386	0.2669	0.7285	0.9384
ReverseCrash	119	1.3725	0.0000	4.2306	5.1451	0.7476	5.3115	0.0000	0.0000	0.4419	0.3214	0.6903	0.5216
ReverseCrash	120	2.1581	0.0000	4.2608	4.8649	0.8574	5.7286	0.0000	0.0000	0.2021	0.3731	0.4094	0.7478
ReverseCrash	121	2.0522	0.0000	4.3474	4.6823	0.3140	6.0924	0.0000	0.0000	0.2925	0.1673	0.5504	0.6012
ReverseCrash	122	1.4908	0.0000	4.9563	5.3600	0.6930	4.8281	0.0000	0.0000	0.4663	0.2201	0.3446	0.9043
ReverseCrash	123	1.2103	0.0000	4.4736	5.4563	0.4887	4.4045	0.0000	0.0000	0.4930	0.5737	0.3479	0.5853
ReverseCrash	124	1.7165	0.0000	4.3700	4.7587	0.4221	3.7391	0.0000	0.0000	0.3607	0.5796	0.5580	0.9290
ReverseCrash	125	1.5269	0.0000	4.4567	5.0399	0.7775	4.2812	0.0000	0.0000	0.4430	0.3231	0.5639	0.9556
ReverseCrash	126	1.1559	0.0000	4.9812	4.5855	0.7084	6.7266	0.0000	0.0000	0.2248	0.2942	0.7768	0.3429
ReverseCrash	127	1.8900	0.0000	4.1131	4.8806	0.5668	6.2958	0.0000	0.0000	0.4547	0.3132	0.2374	0.9122
ReverseCrash	128	1.8806	0.0000	3.6975	5.3767	0.8032	3.2218	0.0000	0.0000	0.5433	0.5356	0.6134	0.3058
Atmosphere	1	1.0000	0.8529	1.1135	1.8280	0.3749	0.1386	-12.0000	0.5495	0.0499	0.1244	0.4818	0.1174
Atmosphere	2	1.0000	0.6714	1.5110	3.9463	0.7016	0.2580	5.0000	0.8262	0.1880	0.4378	0.5551	0.0077
Atmosphere	3	1.0000	0.8621	1.9117	2.6091	0.3931	0.2434	10.0000	0.4743	0.2934	0.2647	0.8180	0.0448
Atmosphere	4	1.0000	0.3982	1.1043	3.1578	0.4016	0.2315	0.0000	0.8218	0.2003	0.4689	0.8340	0.0770
Atmosphere	5	1.0000	0.6257	0.9430	3.0435	0.4648	0.1109	-12.0000	0.7921	0.3264	0.2679	0.4095	0.0042
Atmosphere	6	1.0000	0.7899	1.7339	3.3172	0.4634	0.3910	-12.0000	0.3452	0.2607	0.5780	0.7826	0.1402
Atmosphere	7	1.0000	0.5573	1.8476	3.7047	0.3421	0.5538	0.0000	0.4408	0.1358	0.2303	0.3626	0.0510
Atmosphere	8	1.0000	0.8358	1.4841	1.8883	0.5290	0.3019	10.0000	0.5521	0.0671	0.2104	0.7372	0.2813
Atmosphere	9	1.0000	0.3609	0.8818	1.9984	0.5576	0.4373	-12.0000	0.2254	0.0912	0.2005	0.8385	0.0971
Atmosphere	10	1.0000	0.4622	2.3928	2.6044	0.4667	0.2766	-12.0000	0.3082	0.0910	0.1413	0.4508	0.1207
Atmosphere	11	1.0000	0.7723	0.9347	2.8936	0.6694	0.2679	10.0000	0.4302	0.1137	0.2570	0.6552	0.1177
Atmosphere	12	1.0000	0.6162	1.0856	3.5855	0.6362	0.5264	10.0000	0.4367	0.3811	0.5374	0.5027	0.0785
Atmosphere	13	1.0000	0.7707	1.2229	4.0759	0.4047	0.1117	5.0000	0.8561	0.2153	0.3932	0.4393	0.1933
Atmosphere	14	1.0000	0.7212	1.6458	1.9206	0.4484	0.2884	12.0000	0.9651	0.1115	0.1920	0.8122	0.2485
Atmosphere	15	1.0000	0.7851	1.0873	2.6414	0.3001	0.5239	-12.0000	0.2794	0.1129	0.2315	0.8256	0.0001
Atmosphere	16	1.0000	0.8714	1.5086	3.1801	0.3045	0.5351	12.0000	0.8321	0.2290	0.3035	0.3412	0.2043
Atmosphere	17	1.0000	0.7081	1.6200	3.3356	0.3113	0.5425	-12.0000	0.8509	0.3371	0.2014	0.8660	0.0775
Atmosphere	18	1.0000	0.4033	1.7609	3.8993	0.4588	0.1723	-12.0000	0.6956	0.3875	0.5234	0.7483	0.0347
Atmosphere	19	1.0000	0.8411	0.9316	1.8519	0.3674	0.2051	7.0000	0.4526	0.1247	0.2088	0.8842	0.1542
Atmosphere	20	1.0000	0.3986	1.7008	2.6045	0.3732	0.1801	-12.0000	0.2341	0.2497	0.0657	0.6994	0.2328
Atmosphere	21	1.0000	0.8802	1.3763	2.1044	0.3639	0.1440	0.0000	0.2273	0.3210	0.2611	0.6373	0.0164
Atmosphere	22	1.0000	0.4876	2.2086	4.1861	0.5852	0.2957	10.0000	0.3816	0.1160	0.2806	0.7966	0.0079
Atmosphere	23	1.0000	0.6741	1.6967	2.8002	0.5747	0.4826	10.0000	0.2741	0.4144	0.6410	0.4492	0.0974
Atmosphere	24	1.0000	0.6795	1.4973	2.9014	0.2711	0.1249	-12.0000	0.5572	0.3210	0.3041	0.7894	0.0549
Atmosphere	25	1.0000	0.8878	2.0692	3.3878	0.6969	0.1298	0.0000	0.4081	0.2253	0.4459	0.5866	0.0215
Atmosphere	26	1.0000	0.4278	1.5719	3.9328	0.3705	0.2700	7.0000	0.5911	0.2096	0.2873	0.8461	0.1464
Atmosphere	27	1.0000	0.6418	2.0585	2.5873	0.1580	0.4342	12.0000	0.7975	0.3052	0.4652	0.8454	0.2098
Atmosphere	28	1.0000	0.8113	1.4691	3.1135	0.3165	0.2611	0.0000	0.8184	0.1747	0.1182	0.5491	0.1286
Atmosphere	29	1.0000	0.8616	2.0183	3.0063	0.6307	0.2050	10.0000	0.8170	0.1481	0.1418	0.8041	0.2923
Atmosphere	30	1.0000	0.6882	1.4556	3.0793	0.2946	0.5143	3.0000	0.2445	0.0425	0.6462	0.7613	0.2316
Atmosphere	31	1.0000	0.5653	0.8023	3.8037	0.3713	0.2845	-12.0000	0.2931	0.3457	0.5010	0.3041	0.0916
Atmosphere	32	1.0000	0.4586	2.3956	3.5859	0.4900	0.3520	-12.0000	0.8399	0.1238	0.1307	0.8668	0.2585
Atmosphere	33	1.0000	0.7961	1.4188	2.5589	0.2627	0.3768	10.0000	0.2661	0.3377	0.6271	0.4875	0.0510
Atmosphere	34	1.0000	0.8692	1.9041	2.5108	0.5611	0.2521	7.0000	0.8283	0.1775	0.5616	0.5536	0.2495
Atmosphere	35	1.0000	0.4944	2.1073	2.0167	0.4531	0.1644	0.0000	0.9154	0.0512	0.0530	0.6269	0.2576
Atmosphere	36	1.0000	0.5487	1.8127	2.2489	0.6934	0.2422	7.0000	0.4747	0.0398	0.5755	0.3945	0.0703
Atmosphere	37	1.0000	0.8779	1.5491	2.5025	0.5566	0.1655	10.0000	0.4675	0.2961	0.1633	0.6157	0.2332
Atmosphere	38	1.0000	0.5181	1.4674	3.3643	0.2914	0.3288	-12.0000	0.7511	0.1765	0.4574	0.3547	0.2564
Atmosphere	39	1.0000	0.7915	1.9865	2.3138	0.6073	0.5454	-12.0000	0.9439	0.1684	0.5449	0.3908	0.0000
Atmosphere	40	1.0000	0.4108	1.5814	2.1848	0.2937	0.4583	7.0000	0.2605	0.0498	0.0574	0.7774	0.0108
Atmosphere	41	1.0000	0.7918	1.8347	2.4508	0.6366	0.4732	12.0000	0.6914	0.2805	0.6201	0.8936	0.1685
Atmosphere	42	1.0000	0.8344	2.3096	2.7547	0.6894	0.4450	10.0000	0.7696	0.1168	0.4966	0.7509	0.1880
Atmosphere	43	1.0000	0.4224	2.1998	2.5955	0.2431	0.4972	7.0000	0.7321	0.3706	0.2879	0.7218	0.2809
Atmosphere	44	1.0000	0.7520	1.9005	3.4648	0.6559	0.3300	3.0000	0.2445	0.1271	0.2106	0.5863	0.0132
Atmosphere	45	1.0000	0.4441	1.0774	1.9322	0.4900	0.5926	7.0000	0.9855	0.2786	0.3100	0.3816	0.0014
Atmosphere	46	1.0000	0.8114	1.9102	4.1678	0.3870	0.2251	-12.0000	0.2885	0.3604	0.0691	0.6820	0.0014
Atmosphere	47	1.0000	0.8801	2.1853	2.6565	0.6813	0.5252	3.0000	0.5508	0.3744	0.4500	0.5485	0.2336
Atmosphere	48	1.0000	0.6900	1.2372	3.4584	0.3393	0.4377	12.0000	0.3329	0.1812	0.1973	0.5114	0.0327
Atmosphere	49	1.0000	0.7013	0.8674	2.6486	0.3739	0.1967	10.0000	0.3935	0.1798	0.1413	0.6093	0.0252
Atmosphere	50	1.0000	0.7978	1.7117	2.2797	0.4531	0.3525	5.0000	0.2065	0.1148	0.1158	0.4509	0.0234
Atmosphere	51	1.0000	0.8976	1.8267	1.8142	0.6725	0.3140	5.0000	0.6793	0.1307	0.2142	0.5721	0.0858
Atmosphere	52	1.0000	0.8054	1.1198	2.6719	0.5772	0.4285	7.0000	0.5095	0.1377	0.4493	0.3672	0.0135
Atmosphere	53	1.0000	0.8363	1.3465	3.5417	0.2111	0.1481	5.0000	0.4932	0.1711	0.1044	0.5560	0.0517
Atmosphere	54	1.0000	0.5942	2.1129	3.1753	0.6701	0.5271	7.0000	0.6181	0.2230	0.2201	0.4902	0.0917
Atmosphere	55	1.0000	0.5733	1.2535	2.6182	0.3089	0.4703	7.0000	0.4497	0.3758	0.3532	0.4914	0.0832
Atmosphere	56	1.0000	0.5522	1.9117	2.3946	0.2561	0.1959	0.0000	0.8075	0.2197	0.2774	0.8827	0.1633
Atmosphere	57	1.0000	0.6157	1.7186	1.9188	0.3473	0.4283	5.0000	0.5149	0.2518	0.1186	0.4860	0.3127
Atmosphere	58	1.0000	0.5734	1.2644	2.4926	0.3874	0.1438	7.0000	0.7338	0.1666	0.2311	0.7731	0.0686
Atmosphere	59	1.0000	0.7159	1.5575	3.5396	0.3377	0.3168	5.0000	0.3206	0.1217	0.6485	0.6789	0.2694
Atmosphere	60	1.0000	0.5999	1.4414	2.6725	0.1667	0.1836	7.0000	0.4710	0.0987	0.1612	0.6673	0.0879
Atmosphere	61	1.0000	0.8665	1.6649	2.1778	0.5106	0.3617	-12.0000	0.5438	0.3773	0.2619	0.8291	0.1123
Atmosphere	62	1.0000	0.8263	1.4707	3.9775	0.1616	0.5154	7.0000	0.5325	0.3008	0.3910	0.7408	0.1269
Atmosphere	63	1.0000	0.4711	0.8926	3.9029	0.4618	0.4447	-12.0000	0.3370	0.2852	0.4400	0.5872	0.0234
Atmosphere	64	1.0000	0.6209	1.2074	4.1965	0.3265	0.2883	3.0000	0.5324	0.3390	0.2942	0.8981	0.1972
Atmosphere	65	1.0000	0.3697	2.1260	2.4697	0.7463	0.4733	3.0000	0.2005	0.2625	0.4538	0.7726	0.0069
Atmosphere	66	1.0000	0.6701	1.3904	2.2377	0.3172	0.1681	0.0000	0.7658	0.2129	0.3315	0.3946	0.1337
Atmosphere	67	1.0000	0.5587	2.1137	4.1531	0.5219	0.2096	0.0000	0.2009	0.1371	0.4178	0.7424	0.0099
Atmosphere	68	1.0000	0.6888	1.8554	2.6699	0.3690	0.4323	12.0000	0.9863	0.4151	0.1147	0.4560	0.2513
Atmosphere	69	1.0000	0.4015	1.5584	2.3016	0.3726	0.4117	-12.0000	0.6715	0.1185	0.4006	0.6145	0.0060
Atmosphere	70	1.0000	0.4325	1.1585	2.6533	0.1578	0.3327	0.0000	0.7108	0.1083	0.1540	0.4540	0.1286
Atmosphere	71	1.0000	0.5937	2.0124	2.9150	0.4091	0.1901	10.0000	0.3618	0.0578	0.4294	0.5537	0.0350
Atmosphere	72	1.0000	0.8330	1.4147	4.0044	0.3496	0.5495	7.0000	0.3479	0.2672	0.3384	0.5786	0.2132
Atmosphere	73	1.0000	0.7234	1.9091	2.9002	0.7293	0.2017	10.0000	0.5345	0.2473	0.1710	0.8203	0.1876
Atmosphere	74	1.0000	0.6175	1.0224	2.3901	0.1693	0.5571	12.0000	0.6077	0.1707	0.2315	0.7786	0.0179
Atmosphere	75	1.0000	0.7699	1.2099	3.0890	0.4642	0.5651	0.0000	0.2454	0.0347	0.6166	0.7152	0.2299
Atmosphere	76	1.0000	0.8209	1.1906	2.6606	0.6319	0.1033	0.0000	0.9868	0.3806	0.1494	0.6338	0.2416
Atmosphere	77	1.0000	0.5995	2.2493	2.1153	0.2126	0.3676	5.0000	0.9137	0.3694	0.0634	0.6491	0.0075
Atmosphere	78	1.0000	0.8692	0.9542	2.3664	0.5396	0.3552	-12.0000	0.5515	0.2757	0.4719	0.3547	0.0042
Atmosphere	79	1.0000	0.5799	1.8273	2.3582	0.6503	0.3284	5.0000	0.4024	0.2094	0.1509	0.5367	0.0581
Atmosphere	80	1.0000	0.6880	2.0473	4.1449	0.6729	0.1991	-12.0000	0.4887	0.3657	0.1047	0.7238	0.0040
Atmosphere	81	1.0000	0.8032	0.8618	3.9339	0.4260	0.3958	12.0000	0.2604	0.3858	0.2375	0.3445	0.0292
Atmosphere	82	1.0000	0.5170	1.5837	3.0773	0.7307	0.1029	5.0000	0.7058	0.1926	0.1891	0.3775	0.0127
Atmosphere	83	1.0000	0.7272	2.3534	2.1400	0.6103	0.3008	12.0000	0.2476	0.3477	0.1246	0.3897	0.2876
Atmosphere	84	1.0000	0.6436	1.9019	3.2183	0.5303	0.1465	0.0000	0.2072	0.0839	0.2656	0.4227	0.0394
Atmosphere	85	1.0000	0.6533	2.0748	3.3178	0.4571	0.1542	7.0000	0.8352	0.3728	0.2024	0.8210	0.2652
Atmosphere	86	1.0000	0.7955	1.9089	1.9102	0.3332	0.4839	10.0000	0.8251	0.2131	0.0542	0.8655	0.0012
Atmosphere	87	1.0000	0.3853	1.5835	3.1422	0.3986	0.1394	-12.0000	0.8266	0.0494	0.5197	0.3048	0.3473
Atmosphere	88	1.0000	0.6655	2.0732	2.3169	0.2488	0.3271	3.0000	0.6804	0.2130	0.4116	0.7920	0.2700
Atmosphere	89	1.0000	0.8689	1.6821	1.9561	0.6487	0.3325	5.0000	0.3226	0.0718	0.4641	0.6133	0.0158
Atmosphere	90	1.0000	0.7616	1.3725	3.8380	0.5014	0.4006	3.0000	0.2328	0.3453	0.1940	0.7483	0.0225
Atmosphere	91	1.0000	0.5077	1.5739	1.9889	0.6405	0.4353	0.0000	0.3639	0.2643	0.3909	0.4455	0.0218
Atmosphere	92	1.0000	0.5888	1.5880	3.1303	0.7037	0.5294	0.0000	0.6146	0.2184	0.2548	0.4691	0.0302
Atmosphere	93	1.0000	0.5004	1.3094	4.0676	0.1894	0.1762	10.0000	0.9382	0.0589	0.5329	0.8029	0.0049
Atmosphere	94	1.0000	0.3854	1.4769	4.1700	0.2162	0.5227	10.0000	0.4622	0.3295	0.2457	0.8108	0.0537
Atmosphere	95	1.0000	0.4230	0.9218	1.9465	0.7332	0.4127	0.0000	0.6405	0.0416	0.3318	0.6473	0.2039
Atmosphere	96	1.0000	0.4557	2.3994	3.4484	0.3799	0.2044	12.0000	0.2918	0.0316	0.2986	0.7200	0.2240
Atmosphere	97	1.0000	0.8507	2.3423	3.8657	0.6312	0.1472	12.0000	0.2085	0.3949	0.6431	0.8673	0.1011
Atmosphere	98	1.0000	0.4111	1.6264	3.0813	0.2283	0.5681	5.0000	0.9288	0.3225	0.2940	0.8099	0.0007
Atmosphere	99	1.0000	0.5001	1.1161	2.1781	0.5790	0.1560	5.0000	0.5832	0.1225	0.0520	0.6987	0.2148
Atmosphere	100	1.0000	0.7454	2.0546	2.8443	0.2197	0.2560	3.0000	0.3651	0.2446	0.1837	0.6691	0.2944
Atmosphere	101	1.0000	0.6589	2.2559	3.9718	0.4227	0.3188	-12.0000	0.6702	0.2556	0.2753	0.8525	0.0025
Atmosphere	102	1.0000	0.5906	0.8855	3.8717	0.6667	0.1151	0.0000	0.4173	0.3863	0.6375	0.4879	0.1349
Atmosphere	103	1.0000	0.7999	1.4855	4.1316	0.5138	0.3880	10.0000	0.4999	0.2835	0.1803	0.7158	0.0088
Atmosphere	104	1.0000	0.4547	2.1920	2.5006	0.6343	0.4164	5.0000	0.3769	0.1916	0.4740	0.8461	0.0081
Atmosphere	105	1.0000	0.5614	1.2900	2.0134	0.2787	0.4133	-12.0000	0.4710	0.1152	0.6050	0.3357	0.0164
Atmosphere	106	1.0000	0.4458	1.4928	2.3904	0.6524	0.4689	5.0000	0.6283	0.0325	0.1488	0.7478	0.1977
Atmosphere	107	1.0000	0.6734	1.2835	3.4179	0.6302	0.1631	10.0000	0.3983	0.2948	0.3655	0.7406	0.0266
Atmosphere	108	1.0000	0.4156	2.2350	2.9813	0.3340	0.2266	0.0000	0.9369	0.3825	0.3945	0.7845	0.2822
Atmosphere	109	1.0000	0.7360	1.4953	2.0118	0.5360	0.1523	5.0000	0.8229	0.0521	0.0671	0.8550	0.2011
Atmosphere	110	1.0000	0.3971	1.3610	3.3076	0.5499	0.5604	0.0000	0.6780	0.1155	0.6007	0.8614	0.2884
Atmosphere	111	1.0000	0.4887	2.0510	1.9693	0.3899	0.5905	3.0000	0.6751	0.3371	0.4612	0.8675	0.1081
Atmosphere	112	1.0000	0.5959	1.7469	3.1428	0.3459	0.4470	12.0000	0.9268	0.1021	0.4493	0.5995	0.2609
Atmosphere	113	1.0000	0.4187	1.7948	1.8903	0.7470	0.3197	10.0000	0.9641	0.3085	0.1106	0.7347	0.3376
Atmosphere	114	1.0000	0.6526	1.1103	2.6576	0.6670	0.5030	5.0000	0.8992	0.4190	0.5528	0.5271	0.0007
Atmosphere	115	1.0000	0.8638	1.0022	3.7571	0.5154	0.3114	0.0000	0.7803	0.1554	0.1729	0.3046	0.0136
Atmosphere	116	1.0000	0.5042	1.4467	2.9371	0.2731	0.4049	7.0000	0.8016	0.3560	0.2110	0.6839	0.3484
Atmosphere	117	1.0000	0.6619	2.3573	3.5953	0.2933	0.4878	0.0000	0.9094	0.1844	0.1404	0.3263	0.3341
Atmosphere	118	1.0000	0.3804	1.8067	3.6717	0.3540	0.5148	-12.0000	0.4781	0.0912	0.2881	0.7909	0.1197
Atmosphere	119	1.0000	0.8482	1.8995	1.9507	0.1893	0.1546	7.0000	0.7520	0.1546	0.0723	0.6147	0.1033
Atmosphere	120	1.0000	0.5888	1.6484	3.0582	0.6543	0.2447	10.0000	0.2300	0.3115	0.2046	0.6776	0.0180
Atmosphere	121	1.0000	0.4463	2.3970	3.3575	0.2014	0.2537	-12.0000	0.8806	0.1760	0.3218	0.6374	0.3002
Atmosphere	122	1.0000	0.3592	0.9584	3.2034	0.4489	0.1716	12.0000	0.3273	0.0992	0.3776	0.4855	0.0577
Atmosphere	123	1.0000	0.8325	1.1103	3.5190	0.3105	0.3965	3.0000	0.6598	0.3385	0.3596	0.6037	0.0032
Atmosphere	124	1.0000	0.6957	2.2526	4.0253	0.5641	0.4113	0.0000	0.9020	0.1279	0.3613	0.6030	0.1709
Atmosphere	125	1.0000	0.3839	2.1433	3.2219	0.4983	0.1422	7.0000	0.2421	0.3659	0.3802	0.8921	0.0003
Atmosphere	126	1.0000	0.7431	1.9290	2.3580	0.7027	0.5396	-12.0000	0.8738	0.3272	0.1760	0.8148	0.0048
Atmosphere	127	1.0000	0.5329	1.8361	1.8466	0.4339	0.4961	3.0000	0.4223	0.1921	0.1929	0.6250	0.0323
Atmosphere	128	1.0000	0.8918	1.6629	2.8081	0.5063	0.3610	10.0000	0.8997	0.1177	0.0741	0.8101	0.2235
Atmosphere	129	1.0000	0.4401	1.2366	2.2619	0.7466	0.1128	0.0000	0.7660	0.1150	0.0944	0.7536	0.0504
Atmosphere	130	1.0000	0.5404	1.7574	3.8304	0.2737	0.4148	7.0000	0.3716	0.0477	0.5035	0.6459	0.1077
Atmosphere	131	1.0000	0.8251	0.9221	2.4662	0.7415	0.1080	3.0000	0.3718	0.0926	0.4662	0.8486	0.0113
Atmosphere	132	1.0000	0.6762	2.3524	2.7366	0.3850	0.3575	0.0000	0.6938	0.1666	0.2410	0.4660	0.0043
Atmosphere	133	1.0000	0.7750	1.4834	3.9080	0.4820	0.1710	12.0000	0.3875	0.0327	0.3293	0.3295	0.3041
Atmosphere	134	1.0000	0.6424	1.6993	3.1935	0.2872	0.4184	-12.0000	0.9871	0.3935	0.0534	0.7049	0.2766
Atmosphere	135	1.0000	0.5992	1.2212	3.0252	0.3610	0.2376	3.0000	0.7545	0.3173	0.0621	0.3043	0.2634
Atmosphere	136	1.0000	0.7756	2.1090	3.5061	0.6182	0.3543	10.0000	0.2101	0.1484	0.3298	0.5580	0.1232
Atmosphere	137	1.0000	0.8828	1.4869	4.0635	0.6688	0.3005	12.0000	0.2878	0.1240	0.0615	0.8054	0.2313
Atmosphere	138	1.0000	0.5662	2.0516	2.5179	0.2379	0.1396	7.0000	0.4364	0.3656	0.5693	0.3863	0.1537
Atmosphere	139	1.0000	0.7105	2.1690	3.2636	0.6735	0.4297	0.0000	0.6942	0.0889	0.4169	0.4901	0.2896
Atmosphere	140	1.0000	0.5514	1.8943	3.9270	0.7287	0.5297	3.0000	0.8816	0.1127	0.6252	0.6833	0.2353
Atmosphere	141	1.0000	0.6867	2.2642	2.3119	0.3309	0.4138	3.0000	0.8299	0.1853	0.2096	0.4511	0.0331
Atmosphere	142	1.0000	0.8069	1.2722	2.0506	0.4645	0.5555	0.0000	0.5120	0.1248	0.6257	0.6465	0.0522
Atmosphere	143	1.0000	0.6173	0.8287	2.6149	0.4118	0.3739	0.0000	0.2709	0.0452	0.5319	0.6137	0.2453
Atmosphere	144	1.0000	0.6227	2.0562	3.1826	0.4586	0.1015	7.0000	0.5794	0.2770	0.3255	0.8512	0.2119
Atmosphere	145	1.0000	0.5030	1.0722	2.0203	0.1655	0.4951	0.0000	0.7337	0.1964	0.5866	0.3116	0.0186
Atmosphere	146	1.0000	0.6675	1.1312	2.6451	0.5340	0.4712	7.0000	0.5376	0.3990	0.4751	0.6719	0.0000
Atmosphere	147	1.0000	0.7217	1.7650	2.7761	0.6118	0.1766	0.0000	0.4559	0.0396	0.0604	0.8076	0.0025
Atmosphere	148	1.0000	0.5483	1.6344	3.1388	0.2413	0.5969	0.0000	0.6517	0.1512	0.5352	0.3104	0.3079
Atmosphere	149	1.0000	0.6619	1.0746	2.7629	0.2974	0.2597	-12.0000	0.4134	0.0730	0.1537	0.6213	0.0112
Atmosphere	150	1.0000	0.7448	1.0934	3.6681	0.3924	0.1373	7.0000	0.5760	0.1756	0.1973	0.3743	0.0085
Atmosphere	151	1.0000	0.5287	1.8938	1.8840	0.4035	0.1533	7.0000	0.5243	0.1514	0.0964	0.8658	0.0145
Atmosphere	152	1.0000	0.5288	2.2476	4.0421	0.5790	0.3857	0.0000	0.8859	0.3694	0.0986	0.8311	0.0883
Atmosphere	153	1.0000	0.5150	1.7609	3.4896	0.2839	0.4795	7.0000	0.4250	0.0322	0.5283	0.6460	0.2915
Atmosphere	154	1.0000	0.6953	1.5738	3.1853	0.5624	0.4343	10.0000	0.4152	0.2376	0.0819	0.3806	0.0112
Atmosphere	155	1.0000	0.7652	2.1627	2.9123	0.5304	0.2967	5.0000	0.5091	0.2443	0.3250	0.8261	0.0787
Atmosphere	156	1.0000	0.6318	1.0714	2.6373	0.4207	0.1192	5.0000	0.5630	0.2692	0.2962	0.8229	0.0456
Atmosphere	157	1.0000	0.5412	1.0175	3.6520	0.4561	0.1094	3.0000	0.8068	0.0645	0.3426	0.7741	0.2104
Atmosphere	158	1.0000	0.5473	1.9492	3.0306	0.3673	0.3030	3.0000	0.9355	0.2226	0.1815	0.7016	0.0234
Atmosphere	159	1.0000	0.4595	2.2438	3.5486	0.4857	0.2465	7.0000	0.3662	0.1391	0.1155	0.5117	0.3197
Atmosphere	160	1.0000	0.4952	1.0802	3.5250	0.3706	0.1707	-12.0000	0.5241	0.2847	0.4847	0.4852	0.1555
Atmosphere	161	1.0000	0.8703	1.1915	3.8152	0.2807	0.3442	3.0000	0.9335	0.3530	0.6413	0.6323	0.1743
Atmosphere	162	1.0000	0.6755	1.6667	1.9007	0.4891	0.2194	12.0000	0.4393	0.0691	0.2874	0.6215	0.1477
Atmosphere	163	1.0000	0.4580	1.8234	2.8299	0.4494	0.3410	0.0000	0.6964	0.0559	0.3660	0.3548	0.0001
Atmosphere	164	1.0000	0.6076	2.3991	3.6337	0.2051	0.3439	5.0000	0.8385	0.2277	0.3020	0.8889	0.3062
Atmosphere	165	1.0000	0.5659	0.9519	3.0317	0.7484	0.3642	12.0000	0.2980	0.1642	0.2151	0.3008	0.1814
Atmosphere	166	1.0000	0.8510	1.8705	2.0239	0.3757	0.1332	3.0000	0.9947	0.3154	0.3419	0.8963	0.3252
Atmosphere	167	1.0000	0.6040	2.0658	4.1165	0.5229	0.5797	10.0000	0.2913	0.1764	0.1363	0.6367	0.0277
Atmosphere	168	1.0000	0.8771	1.0088	3.8843	0.1847	0.2839	0.0000	0.5692	0.1323	0.4968	0.4752	0.0005
Atmosphere	169	1.0000	0.7629	1.2080	4.0221	0.6184	0.2008	3.0000	0.3963	0.3413	0.2210	0.4236	0.0020
Atmosphere	170	1.0000	0.7389	1.3808	2.8747	0.2799	0.1521	5.0000	0.6567	0.3471	0.4031	0.6555	0.3448
Atmosphere	171	1.0000	0.5223	2.3347	4.0575	0.6969	0.2219	3.0000	0.6225	0.2986	0.5422	0.7374	0.0194
Atmosphere	172	1.0000	0.3978	1.2538	1.8998	0.5962	0.5071	7.0000	0.8920	0.1382	0.1859	0.4878	0.0145
Atmosphere	173	1.0000	0.3883	0.8318	3.5894	0.4654	0.4314	7.0000	0.5036	0.2512	0.2076	0.4253	0.0705
Atmosphere	174	1.0000	0.7580	2.3100	2.7736	0.2812	0.2246	12.0000	0.3675	0.0764	0.3947	0.5198	0.0092
Atmosphere	175	1.0000	0.6275	0.8667	3.2592	0.6966	0.5124	12.0000	0.3022	0.0328	0.1527	0.5150	0.0140
Atmosphere	176	1.0000	0.5280	1.6836	2.7616	0.3378	0.3972	3.0000	0.9714	0.4009	0.5697	0.7398	0.0330
Atmosphere	177	1.0000	0.6448	1.3975	1.9500	0.3401	0.2957	10.0000	0.2108	0.0858	0.1924	0.6792	0.2175
Atmosphere	178	1.0000	0.4516	2.3627	3.5533	0.3767	0.3965	0.0000	0.5949	0.1682	0.5774	0.6357	0.2868
Atmosphere	179	1.0000	0.6471	1.9366	2.2835	0.6975	0.4439	12.0000	0.8565	0.1145	0.2332	0.8646	0.0705
Atmosphere	180	1.0000	0.8396	1.7525	3.8406	0.5508	0.4815	-12.0000	0.9352	0.1428	0.0762	0.3418	0.0197
Atmosphere	181	1.0000	0.7513	0.8206	3.5367	0.6696	0.3047	7.0000	0.4494	0.0644	0.4278	0.7512	0.0463
Atmosphere	182	1.0000	0.8589	2.3872	2.5005	0.2977	0.4558	0.0000	0.5343	0.0774	0.5813	0.3893	0.1007
Atmosphere	183	1.0000	0.3603	0.8063	3.2733	0.7160	0.3261	12.0000	0.2482	0.0491	0.2362	0.8708	0.0181
Atmosphere	184	1.0000	0.6840	1.0132	1.8326	0.2164	0.3107	10.0000	0.2939	0.2544	0.1161	0.4857	0.0340
Atmosphere	185	1.0000	0.4669	1.7622	3.2580	0.2353	0.1175	-12.0000	0.7263	0.1838	0.1048	0.4185	0.0930
Atmosphere	186	1.0000	0.7273	1.4702	3.0868	0.6491	0.5534	-12.0000	0.6284	0.1578	0.4002	0.8671	0.1861
Atmosphere	187	1.0000	0.7594	2.2944	4.1058	0.4166	0.5660	3.0000	0.3346	0.2306	0.2574	0.5004	0.1351
Atmosphere	188	1.0000	0.8399	1.6441	2.9568	0.6399	0.1955	0.0000	0.4714	0.0715	0.4971	0.3713	0.2195
Atmosphere	189	1.0000	0.7443	2.1906	2.5548	0.4320	0.5037	3.0000	0.8889	0.1840	0.1172	0.8564	0.0565
Atmosphere	190	1.0000	0.6429	1.2421	3.3917	0.3978	0.2895	-12.0000	0.6714	0.2540	0.4592	0.3801	0.3457
Atmosphere	191	1.0000	0.7319	1.4600	3.6935	0.2470	0.1995	7.0000	0.4896	0.4161	0.1248	0.3945	0.0161
Atmosphere	192	1.0000	0.7775	1.1983	3.2292	0.2318	0.5294	12.0000	0.5552	0.1140	0.3499	0.7366	0.2184
Atmosphere	193	1.0000	0.3548	2.0722	3.1277	0.5685	0.5226	10.0000	0.7468	0.0662	0.3173	0.6059	0.2921
Atmosphere	194	1.0000	0.7967	2.2739	3.2415	0.2354	0.4316	0.0000	0.7445	0.4023	0.5789	0.8222	0.0266
Atmosphere	195	1.0000	0.7736	1.0776	2.6709	0.5888	0.4074	12.0000	0.2371	0.1487	0.3209	0.3438	0.1430
Atmosphere	196	1.0000	0.6621	0.9334	2.0566	0.1535	0.1955	3.0000	0.9316	0.4041	0.3393	0.3021	0.0130
Atmosphere	197	1.0000	0.6330	1.4583	3.3398	0.4284	0.5504	5.0000	0.2177	0.2881	0.2130	0.5728	0.0007
Atmosphere	198	1.0000	0.4648	1.0991	2.9730	0.7340	0.5636	7.0000	0.6677	0.2514	0.5033	0.3116	0.1062
Atmosphere	199	1.0000	0.7880	1.7768	2.6202	0.1837	0.3523	7.0000	0.8876	0.0570	0.6340	0.3983	0.1638
Atmosphere	200	1.0000	0.4482	1.9973	3.5601	0.4761	0.5680	0.0000	0.2600	0.1760	0.2702	0.6744	0.0016
Atmosphere	201	1.0000	0.8439	2.2902	2.5015	0.6999	0.5759	7.0000	0.4425	0.2486	0.4691	0.7491	0.3351
Atmosphere	202	1.0000	0.5296	2.3950	1.9329	0.5903	0.2406	-12.0000	0.7544	0.1230	0.1336	0.4747	0.0562
Atmosphere	203	1.0000	0.4451	1.6208	2.9347	0.5952	0.2067	-12.0000	0.2224	0.4093	0.0701	0.8827	0.3153
Atmosphere	204	1.0000	0.3995	1.6999	2.8474	0.4346	0.5714	3.0000	0.4226	0.3823	0.6034	0.8990	0.2109
Atmosphere	205	1.0000	0.8442	1.3329	3.9094	0.7134	0.3453	5.0000	0.4562	0.3384	0.5980	0.4285	0.0769
Atmosphere	206	1.0000	0.8623	2.3061	2.8886	0.4981	0.5138	12.0000	0.9861	0.1459	0.5490	0.6984	0.0016
Atmosphere	207	1.0000	0.3725	1.5200	2.4321	0.5429	0.5390	12.0000	0.8685	0.0402	0.3668	0.6480	0.2051
Atmosphere	208	1.0000	0.5277	2.2414	2.5310	0.3733	0.4851	7.0000	0.4762	0.4183	0.5013	0.5047	0.2678
Atmosphere	209	1.0000	0.4873	2.1472	3.2359	0.7382	0.3157	12.0000	0.7570	0.1012	0.4560	0.5119	0.0021
Atmosphere	210	1.0000	0.8153	2.2375	2.2118	0.7281	0.2073	0.0000	0.2383	0.3457	0.1699	0.3733	0.0537
Atmosphere	211	1.0000	0.8384	2.2153	2.0782	0.4394	0.5193	10.0000	0.9256	0.0388	0.3757	0.8928	0.0763
Atmosphere	212	1.0000	0.5483	1.4784	4.1728	0.4301	0.3617	12.0000	0.4478	0.1706	0.4275	0.4316	0.0851
Atmosphere	213	1.0000	0.7535	2.0472	2.7115	0.2613	0.5328	10.0000	0.4336	0.3148	0.5295	0.8827	0.1078
Atmosphere	214	1.0000	0.5637	1.2396	3.5029	0.2501	0.2745	7.0000	0.3756	0.1942	0.2275	0.6203	0.0125
Atmosphere	215	1.0000	0.8972	1.0430	3.8903	0.2773	0.4745	10.0000	0.8407	0.3073	0.5264	0.8351	0.1820
Atmosphere	216	1.0000	0.6477	1.5870	2.7213	0.5922	0.4452	10.0000	0.8988	0.3699	0.0943	0.7246	0.0103
Atmosphere	217	1.0000	0.8101	1.1451	3.4018	0.3622	0.1606	0.0000	0.6452	0.2236	0.4289	0.4994	0.0923
Atmosphere	218	1.0000	0.5432	1.3269	2.2381	0.4923	0.3047	12.0000	0.5928	0.4045	0.1564	0.8271	0.0949
Atmosphere	219	1.0000	0.7530	1.8125	3.4164	0.5145	0.3718	7.0000	0.3192	0.0309	0.0516	0.4730	0.0282
Atmosphere	220	1.0000	0.7485	1.1679	3.7451	0.4595	0.4926	10.0000	0.6072	0.3996	0.3651	0.8044	0.3290
Atmosphere	221	1.0000	0.8712	2.1976	4.0790	0.3492	0.2446	5.0000	0.7242	0.3326	0.4521	0.7058	0.0006
Atmosphere	222	1.0000	0.8335	1.2451	3.2729	0.7486	0.3888	10.0000	0.2463	0.3929	0.0917	0.3311	0.1839
Atmosphere	223	1.0000	0.6340	2.3432	4.1150	0.6098	0.3327	10.0000	0.6805	0.2515	0.2503	0.3763	0.2873
Atmosphere	224	1.0000	0.8839	0.8457	4.0324	0.2798	0.2709	0.0000	0.4360	0.3834	0.2458	0.5085	0.0677
Atmosphere	225	1.0000	0.3892	1.6703	2.3209	0.2261	0.5519	10.0000	0.3130	0.1692	0.4425	0.7898	0.2264
Atmosphere	226	1.0000	0.8761	1.7027	2.2435	0.4040	0.4684	5.0000	0.9730	0.3044	0.4307	0.8908	0.0617
Atmosphere	227	1.0000	0.7289	1.0027	2.7568	0.1552	0.4014	3.0000	0.8753	0.2977	0.5598	0.3623	0.0153
Atmosphere	228	1.0000	0.5159	1.3076	1.8457	0.3090	0.2949	7.0000	0.9176	0.2296	0.3145	0.8973	0.0103
Atmosphere	229	1.0000	0.6528	2.3622	3.5081	0.4848	0.1646	10.0000	0.2452	0.2951	0.1955	0.4537	0.2940
Atmosphere	230	1.0000	0.3893	1.2429	2.1009	0.5046	0.4308	-12.0000	0.4644	0.4228	0.1735	0.3790	0.1582
Atmosphere	231	1.0000	0.8513	2.3615	2.1917	0.7278	0.3069	12.0000	0.3749	0.1592	0.2106	0.8866	0.0779
Atmosphere	232	1.0000	0.5120	1.6430	2.1736	0.2921	0.4497	3.0000	0.6413	0.2755	0.5264	0.4552	0.0475
Atmosphere	233	1.0000	0.7758	0.8240	2.3601	0.5482	0.3692	-12.0000	0.2192	0.3035	0.6185	0.6332	0.3052
Atmosphere	234	1.0000	0.6423	1.3214	2.0114	0.4413	0.3760	7.0000	0.5095	0.2605	0.5500	0.8779	0.1196
Atmosphere	235	1.0000	0.6263	1.1467	2.1710	0.4894	0.3691	5.0000	0.7569	0.4100	0.5453	0.7558	0.0929
Atmosphere	236	1.0000	0.6695	0.9229	2.5155	0.3033	0.1237	0.0000	0.4970	0.1424	0.0987	0.8428	0.2874
Atmosphere	237	1.0000	0.4451	2.0037	2.2662	0.2204	0.4688	-12.0000	0.5657	0.2945	0.5851	0.5853	0.0007
Atmosphere	238	1.0000	0.6572	1.2089	3.2170	0.4141	0.5425	5.0000	0.2283	0.0418	0.4166	0.3442	0.0941
Atmosphere	239	1.0000	0.3781	1.6899	3.7362	0.1577	0.5242	3.0000	0.6950	0.0370	0.0572	0.6754	0.1457
Atmosphere	240	1.0000	0.8258	2.3566	3.3671	0.3107	0.3663	7.0000	0.7879	0.0565	0.3103	0.5207	0.0046
Atmosphere	241	1.0000	0.6211	2.1651	4.0145	0.2416	0.2089	7.0000	0.8254	0.1085	0.2454	0.5331	0.0058
Atmosphere	242	1.0000	0.4656	2.0243	2.4058	0.4603	0.4949	5.0000	0.4105	0.2220	0.3556	0.7236	0.0282
Atmosphere	243	1.0000	0.4173	1.3027	3.3938	0.6345	0.1695	12.0000	0.4313	0.2873	0.2358	0.4432	0.2612
Atmosphere	244	1.0000	0.5847	1.6658	2.9924	0.5003	0.4355	3.0000	0.2697	0.1922	0.0794	0.7741	0.0274
Atmosphere	245	1.0000	0.8429	2.0833	3.9311	0.2164	0.5439	-12.0000	0.8281	0.1648	0.2917	0.3953	0.0359
Atmosphere	246	1.0000	0.3631	1.6410	4.0675	0.1818	0.1002	12.0000	0.7316	0.1010	0.4180	0.7213	0.0074
Atmosphere	247	1.0000	0.7612	1.9843	2.5255	0.6645	0.5382	0.0000	0.4524	0.0640	0.2446	0.6569	0.0758
Atmosphere	248	1.0000	0.7427	2.3995	3.8335	0.2539	0.1648	5.0000	0.2030	0.0996	0.2574	0.6205	0.0012
Atmosphere	249	1.0000	0.4178	1.1178	1.8852	0.2465	0.2942	5.0000	0.5469	0.0461	0.4516	0.5345	0.2538
Atmosphere	250	1.0000	0.3913	2.0616	3.2329	0.7451	0.5998	12.0000	0.5131	0.1930	0.3372	0.4649	0.0055
Atmosphere	251	1.0000	0.8147	1.2670	2.1216	0.6829	0.2882	0.0000	0.2321	0.3454	0.4329	0.5620	0.0101
Atmosphere	252	1.0000	0.4146	1.0297	2.0468	0.4424	0.3406	0.0000	0.5922	0.2457	0.2362	0.5023	0.0024
Atmosphere	253	1.0000	0.8639	0.8592	2.5846	0.7400	0.4917	3.0000	0.7037	0.0580	0.6260	0.3231	0.0304
Atmosphere	254	1.0000	0.7248	1.0654	2.1647	0.4328	0.2012	12.0000	0.7185	0.1087	0.6230	0.7099	0.0371
Atmosphere	255	1.0000	0.6860	1.5338	4.0461	0.2458	0.5246	7.0000	0.7091	0.0912	0.5375	0.4366	0.2538
Atmosphere	256	1.0000	0.8377	1.6062	2.9663	0.3295	0.3325	12.0000	0.3889	0.0378	0.3276	0.8705	0.1581
Atmosphere	257	1.0000	0.5591	1.0611	4.0554	0.1632	0.4219	0.0000	0.9536	0.3389	0.2712	0.8911	0.2800
Atmosphere	258	1.0000	0.8373	1.1946	3.3039	0.1965	0.1097	10.0000	0.5322	0.2004	0.1102	0.7645	0.2119
Atmosphere	259	1.0000	0.8042	1.5003	1.9396	0.6269	0.5733	5.0000	0.3130	0.0341	0.5803	0.5883	0.0102
Atmosphere	260	1.0000	0.7528	1.5759	3.2322	0.6518	0.4181	12.0000	0.9502	0.3299	0.1725	0.8692	0.0329
Atmosphere	261	1.0000	0.6160	0.8547	3.2929	0.5603	0.1982	-12.0000	0.9019	0.4299	0.0704	0.5050	0.0736
Atmosphere	262	1.0000	0.8795	2.1672	3.0465	0.4284	0.5520	-12.0000	0.4356	0.3989	0.5233	0.4216	0.1758
Atmosphere	263	1.0000	0.7062	2.3689	2.7316	0.2280	0.5497	10.0000	0.9599	0.3345	0.3662	0.7811	0.0736
Atmosphere	264	1.0000	0.7009	1.0443	2.7849	0.2943	0.2452	12.0000	0.8529	0.4023	0.0581	0.4660	0.2007
Atmosphere	265	1.0000	0.4245	2.1250	3.9207	0.2099	0.2654	-12.0000	0.7482	0.0975	0.1804	0.4449	0.0739
Atmosphere	266	1.0000	0.7940	2.3673	3.4715	0.5236	0.2632	5.0000	0.7034	0.2278	0.3920	0.3623	0.2428
Atmosphere	267	1.0000	0.4043	1.5249	2.6270	0.4860	0.1016	12.0000	0.5735	0.4111	0.0581	0.8192	0.0019
Atmosphere	268	1.0000	0.3984	1.4143	4.0075	0.1552	0.5373	-12.0000	0.2942	0.0621	0.1244	0.6461	0.0019
Atmosphere	269	1.0000	0.4909	1.1869	2.0157	0.5788	0.2459	-12.0000	0.7251	0.0599	0.5666	0.4638	0.0036
Atmosphere	270	1.0000	0.3637	1.2879	3.8088	0.6010	0.4160	0.0000	0.8337	0.2620	0.1960	0.6692	0.2377
Atmosphere	271	1.0000	0.5478	2.1421	3.4388	0.2271	0.3446	12.0000	0.3540	0.3463	0.2046	0.3361	0.2210
Atmosphere	272	1.0000	0.6846	1.7109	3.6091	0.7163	0.4482	-12.0000	0.8454	0.4168	0.1408	0.7720	0.3404
Atmosphere	273	1.0000	0.4731	1.8248	4.1891	0.7421	0.2215	10.0000	0.8329	0.2846	0.1277	0.4085	0.2723
Atmosphere	274	1.0000	0.7758	1.0775	2.8082	0.7482	0.5612	10.0000	0.6956	0.0597	0.3750	0.7214	0.1370
Atmosphere	275	1.0000	0.8654	1.9337	2.0510	0.4885	0.2782	7.0000	0.7310	0.3624	0.4412	0.7956	0.0699
Atmosphere	276	1.0000	0.4169	1.7962	3.8316	0.4279	0.3012	3.0000	0.7282	0.1277	0.0999	0.3433	0.1407
Atmosphere	277	1.0000	0.4171	1.6529	2.2500	0.2935	0.2834	3.0000	0.9367	0.3690	0.4971	0.3683	0.1427
Atmosphere	278	1.0000	0.3912	1.5345	3.4620	0.6740	0.2284	0.0000	0.6198	0.2664	0.3559	0.7061	0.2589
Atmosphere	279	1.0000	0.6878	1.1136	3.1797	0.5906	0.2763	3.0000	0.8597	0.2426	0.0932	0.4392	0.1203
Atmosphere	280	1.0000	0.6079	2.3317	2.5741	0.7017	0.5159	0.0000	0.4517	0.3810	0.0763	0.7933	0.1099
Atmosphere	281	1.0000	0.3657	2.0888	3.3543	0.4832	0.1567	7.0000	0.5044	0.0360	0.3097	0.5184	0.2740
Atmosphere	282	1.0000	0.8612	1.7459	2.7118	0.5455	0.5708	7.0000	0.3359	0.1270	0.2720	0.6570	0.3044
Atmosphere	283	1.0000	0.7454	2.3485	3.3050	0.4139	0.5181	7.0000	0.6484	0.3712	0.0720	0.8633	0.1324
Atmosphere	284	1.0000	0.8495	0.9117	3.8071	0.6382	0.1179	12.0000	0.7571	0.1711	0.1739	0.5459	0.0560
Atmosphere	285	1.0000	0.5646	1.4280	3.1200	0.4308	0.1623	12.0000	0.3436	0.2119	0.1030	0.8873	0.0272
Atmosphere	286	1.0000	0.7075	1.3104	1.9869	0.6002	0.3824	-12.0000	0.6784	0.3348	0.4660	0.4552	0.1983
Atmosphere	287	1.0000	0.4873	2.0419	3.0081	0.7491	0.3894	12.0000	0.2999	0.0423	0.3135	0.8181	0.0390
Atmosphere	288	1.0000	0.8749	1.6787	2.6723	0.3441	0.5374	-12.0000	0.8874	0.1304	0.0978	0.7367	0.0060
Atmosphere	289	1.0000	0.5703	0.9559	3.2875	0.5422	0.3127	3.0000	0.9474	0.1539	0.1323	0.6822	0.0103
Atmosphere	290	1.0000	0.8607	1.1269	3.7668	0.3221	0.2722	5.0000	0.9746	0.2887	0.3048	0.3942	0.1720
Atmosphere	291	1.0000	0.5795	1.4011	1.9664	0.7219	0.5621	12.0000	0.2586	0.3903	0.3687	0.3488	0.0006
Atmosphere	292	1.0000	0.6638	1.7563	3.7555	0.4057	0.4878	0.0000	0.2821	0.4259	0.1396	0.8937	0.0530
Atmosphere	293	1.0000	0.4641	1.9354	1.8429	0.7250	0.2817	7.0000	0.9804	0.2868	0.0533	0.7521	0.2938
Atmosphere	294	1.0000	0.5560	1.2013	4.0797	0.6550	0.2497	5.0000	0.2562	0.3457	0.6113	0.5472	0.2923
Atmosphere	295	1.0000	0.3719	1.5739	3.5225	0.2079	0.4635	0.0000	0.2044	0.3522	0.1738	0.4362	0.3005
Atmosphere	296	1.0000	0.4739	1.0372	2.6396	0.6843	0.2361	12.0000	0.4290	0.1481	0.5661	0.5041	0.0833
Atmosphere	297	1.0000	0.5412	2.2825	2.2696	0.1606	0.5870	0.0000	0.4655	0.4231	0.3770	0.6004	0.1733
Atmosphere	298	1.0000	0.7860	1.3066	3.0097	0.1739	0.3914	-12.0000	0.9832	0.0331	0.4291	0.7459	0.0103
Atmosphere	299	1.0000	0.4780	2.3636	2.9177	0.1689	0.1681	12.0000	0.4970	0.2008	0.4572	0.5653	0.0028
Atmosphere	300	1.0000	0.6052	1.3357	3.9349	0.3343	0.5764	3.0000	0.5349	0.0939	0.4165	0.4185	0.1360
Atmosphere	301	1.0000	0.6344	1.1332	3.9596	0.1654	0.4265	10.0000	0.3501	0.3565	0.6442	0.8962	0.0857
Atmosphere	302	1.0000	0.7704	1.1359	3.0123	0.2622	0.5367	0.0000	0.8571	0.3122	0.6321	0.7524	0.1407
Atmosphere	303	1.0000	0.7856	1.8260	3.0718	0.6951	0.5054	7.0000	0.3581	0.1020	0.3588	0.5752	0.0266
Atmosphere	304	1.0000	0.4223	2.0375	3.8836	0.6115	0.1756	12.0000	0.5426	0.2995	0.6084	0.7574	0.0885
Atmosphere	305	1.0000	0.8211	2.3896	3.6202	0.1930	0.5825	0.0000	0.5147	0.0686	0.6205	0.5126	0.0047
Atmosphere	306	1.0000	0.5774	2.1991	2.9601	0.2538	0.4403	-12.0000	0.7914	0.3557	0.3681	0.6110	0.3173
Atmosphere	307	1.0000	0.8556	0.8030	3.6210	0.1682	0.3674	12.0000	0.5139	0.0588	0.5957	0.5216	0.0175
Atmosphere	308	1.0000	0.6423	2.3053	4.1684	0.3215	0.4955	3.0000	0.7256	0.1416	0.1787	0.8113	0.2353
Atmosphere	309	1.0000	0.7080	2.0422	3.7816	0.7221	0.4418	0.0000	0.5195	0.1296	0.2144	0.6257	0.0010
Atmosphere	310	1.0000	0.4840	2.0188	2.6430	0.3805	0.3358	-12.0000	0.3657	0.1176	0.2794	0.4926	0.2494
Atmosphere	311	1.0000	0.7815	1.4436	2.4326	0.5216	0.4756	-12.0000	0.3408	0.1311	0.5526	0.8587	0.0521
Atmosphere	312	1.0000	0.6817	2.2536	3.2650	0.1607	0.5033	0.0000	0.9268	0.4272	0.3109	0.5717	0.3126
Atmosphere	313	1.0000	0.5351	1.4207	1.8372	0.4758	0.4306	-12.0000	0.5717	0.3247	0.5457	0.4449	0.0013
Atmosphere	314	1.0000	0.4662	1.5053	4.0498	0.6828	0.3592	12.0000	0.3344	0.2037	0.5936	0.6539	0.0454
Atmosphere	315	1.0000	0.4098	2.2932	4.1710	0.5951	0.3374	-12.0000	0.5246	0.2517	0.4294	0.4602	0.1161
Atmosphere	316	1.0000	0.8754	2.0858	2.1608	0.3717	0.4952	7.0000	0.4301	0.0362	0.4277	0.7741	0.0281
Atmosphere	317	1.0000	0.6760	1.2173	3.4046	0.1647	0.3987	10.0000	0.9450	0.3674	0.2953	0.7133	0.2477
Atmosphere	318	1.0000	0.5084	1.6194	2.4823	0.3621	0.1890	5.0000	0.4388	0.2498	0.3900	0.4142	0.2378
Atmosphere	319	1.0000	0.4771	1.9909	3.6067	0.5506	0.2426	7.0000	0.3828	0.0979	0.1058	0.4389	0.0360
Atmosphere	320	1.0000	0.5648	2.2954	3.6214	0.4484	0.2331	7.0000	0.2125	0.3663	0.1760	0.5642	0.0507
Atmosphere	321	1.0000	0.7470	1.2482	2.2025	0.2196	0.2206	-12.0000	0.8174	0.1662	0.4499	0.6425	0.0045
Atmosphere	322	1.0000	0.6544	1.9737	3.9810	0.5340	0.1446	12.0000	0.9986	0.4255	0.0515	0.4191	0.0622
Atmosphere	323	1.0000	0.8857	2.1038	3.1431	0.1650	0.3111	10.0000	0.7320	0.0450	0.5577	0.5539	0.0028
Atmosphere	324	1.0000	0.7275	1.7663	2.3942	0.7319	0.5549	10.0000	0.4913	0.2098	0.2894	0.6714	0.1222
Atmosphere	325	1.0000	0.5130	2.1698	3.8478	0.6872	0.3975	-12.0000	0.6932	0.3896	0.5526	0.7049	0.3354
Atmosphere	326	1.0000	0.8581	2.2766	3.4573	0.6973	0.5126	12.0000	0.3392	0.0659	0.3046	0.4542	0.0133
Atmosphere	327	1.0000	0.5550	1.3901	2.4640	0.7476	0.5572	12.0000	0.6365	0.2612	0.3343	0.4086	0.1073
Atmosphere	328	1.0000	0.5501	1.7272	2.5148	0.3359	0.5595	3.0000	0.9249	0.2711	0.1631	0.4819	0.0719
Atmosphere	329	1.0000	0.3865	1.7517	1.8266	0.4083	0.5302	-12.0000	0.3095	0.0540	0.5104	0.7477	0.1094
Atmosphere	330	1.0000	0.6837	0.8680	1.9563	0.4721	0.2143	3.0000	0.4046	0.0438	0.6006	0.7262	0.1262
Atmosphere	331	1.0000	0.6358	2.0987	2.4208	0.3262	0.4903	5.0000	0.9799	0.2180	0.5716	0.4510	0.0426
Atmosphere	332	1.0000	0.5752	2.2214	2.6796	0.4368	0.4318	12.0000	0.8090	0.0530	0.5366	0.8622	0.1339
Atmosphere	333	1.0000	0.8270	2.1339	3.3853	0.6135	0.1849	7.0000	0.8430	0.2687	0.0580	0.3608	0.0823
Atmosphere	334	1.0000	0.3545	1.7539	3.5321	0.4637	0.3426	12.0000	0.8642	0.3232	0.3213	0.3117	0.0756
Atmosphere	335	1.0000	0.3935	1.1807	3.8868	0.3356	0.3815	5.0000	0.5392	0.1604	0.4906	0.3205	0.0694
Atmosphere	336	1.0000	0.8197	1.1645	2.0719	0.7423	0.5455	5.0000	0.5801	0.3840	0.5320	0.8511	0.0072
Atmosphere	337	1.0000	0.7141	1.1171	2.3632	0.2615	0.2497	3.0000	0.7281	0.3512	0.6305	0.7265	0.0093
Atmosphere	338	1.0000	0.5510	2.3303	3.6043	0.7494	0.5975	-12.0000	0.2045	0.2161	0.0538	0.4072	0.0024
Atmosphere	339	1.0000	0.6990	2.3191	3.7019	0.7122	0.3324	0.0000	0.4267	0.2555	0.5043	0.5224	0.0171
Atmosphere	340	1.0000	0.6595	1.6037	3.9810	0.2664	0.5069	12.0000	0.4861	0.1855	0.1909	0.4252	0.0080
Atmosphere	341	1.0000	0.6640	0.8782	2.0614	0.4645	0.3330	-12.0000	0.8941	0.0482	0.4959	0.6501	0.0002
Atmosphere	342	1.0000	0.5701	1.9275	2.9013	0.6480	0.4457	5.0000	0.8159	0.1787	0.0549	0.3842	0.0083
Atmosphere	343	1.0000	0.8911	2.1399	3.7696	0.6775	0.1410	3.0000	0.4548	0.0822	0.0860	0.6735	0.0535
Atmosphere	344	1.0000	0.6934	2.3905	2.4972	0.1613	0.1840	-12.0000	0.6274	0.3731	0.4760	0.8965	0.2396
Atmosphere	345	1.0000	0.5342	1.2454	2.3966	0.2992	0.3686	5.0000	0.5663	0.3093	0.5367	0.5100	0.1456
Atmosphere	346	1.0000	0.7997	1.1013	2.6311	0.4897	0.3612	10.0000	0.3705	0.0667	0.4225	0.6398	0.0550
Atmosphere	347	1.0000	0.8650	2.1877	3.3134	0.1734	0.3906	10.0000	0.3287	0.2424	0.4713	0.4126	0.0079
Atmosphere	348	1.0000	0.8558	1.8605	3.3579	0.1907	0.1206	10.0000	0.6819	0.4176	0.1906	0.3005	0.0098
Atmosphere	349	1.0000	0.4539	2.2749	3.2453	0.5556	0.2759	5.0000	0.2559	0.2064	0.5142	0.6611	0.0129
Atmosphere	350	1.0000	0.6601	1.0333	3.1678	0.4685	0.2699	-12.0000	0.9603	0.1222	0.4734	0.5599	0.1396
Atmosphere	351	1.0000	0.6177	1.7536	2.3955	0.7232	0.3892	3.0000	0.5478	0.3739	0.3171	0.7214	0.0653
Atmosphere	352	1.0000	0.8016	1.6950	1.9280	0.5706	0.2339	7.0000	0.6156	0.1535	0.4036	0.5627	0.0043
Atmosphere	353	1.0000	0.8029	2.0131	2.3874	0.4853	0.5791	12.0000	0.5516	0.3580	0.2648	0.3490	0.1172
Atmosphere	354	1.0000	0.3964	1.1519	4.0009	0.2861	0.4843	3.0000	0.7489	0.4212	0.1321	0.5494	0.0130
Atmosphere	355	1.0000	0.5513	1.3425	3.7109	0.7302	0.2660	-12.0000	0.7038	0.4031	0.2419	0.6271	0.1407
Atmosphere	356	1.0000	0.4840	1.2145	2.8673	0.5228	0.1404	3.0000	0.3394	0.3638	0.2432	0.4650	0.2531
Atmosphere	357	1.0000	0.3620	2.1985	4.1368	0.3940	0.3079	5.0000	0.3214	0.2370	0.6093	0.8384	0.1672
Atmosphere	358	1.0000	0.4672	0.9248	3.3201	0.2866	0.2773	7.0000	0.8416	0.0990	0.1027	0.6807	0.0623
Atmosphere	359	1.0000	0.3766	2.0449	2.2907	0.2233	0.3687	-12.0000	0.3239	0.2331	0.3849	0.6896	0.3203
Atmosphere	360	1.0000	0.4641	2.0591	3.1508	0.1766	0.1338	3.0000	0.4462	0.2355	0.1666	0.6288	0.1383
Atmosphere	361	1.0000	0.8353	2.3674	4.1749	0.4033	0.3450	3.0000	0.3203	0.0701	0.1871	0.8800	0.1023
Atmosphere	362	1.0000	0.8838	2.2417	3.7808	0.5954	0.4273	5.0000	0.4105	0.3934	0.3861	0.6415	0.0455
Atmosphere	363	1.0000	0.4047	1.7246	3.1232	0.3521	0.1426	7.0000	0.3393	0.2437	0.4159	0.5029	0.1130
Atmosphere	364	1.0000	0.6695	2.3382	3.7092	0.6002	0.2968	7.0000	0.6714	0.3093	0.6490	0.4410	0.0115
Atmosphere	365	1.0000	0.4900	1.0976	3.6973	0.1737	0.2262	12.0000	0.4087	0.1841	0.1447	0.8709	0.1354
Atmosphere	366	1.0000	0.8995	1.8817	1.9391	0.2918	0.2790	5.0000	0.5283	0.3068	0.1362	0.6716	0.1177
Atmosphere	367	1.0000	0.8863	1.5764	1.8326	0.5615	0.1783	-12.0000	0.6927	0.0476	0.3936	0.3783	0.1688
Atmosphere	368	1.0000	0.4894	1.8437	2.3833	0.5865	0.1132	12.0000	0.6206	0.4293	0.4211	0.8624	0.2858
Atmosphere	369	1.0000	0.8538	1.5294	3.7859	0.4282	0.3558	10.0000	0.7329	0.1377	0.1469	0.4303	0.0328
Atmosphere	370	1.0000	0.8882	1.5729	3.7197	0.3647	0.3735	0.0000	0.6349	0.3509	0.2402	0.6622	0.0118
Atmosphere	371	1.0000	0.7433	1.9541	3.2846	0.1886	0.4736	7.0000	0.5640	0.4069	0.2502	0.5612	0.0084
Atmosphere	372	1.0000	0.7393	2.1291	2.2017	0.7479	0.4959	3.0000	0.3506	0.2380	0.5360	0.8954	0.0567
Atmosphere	373	1.0000	0.7906	1.2580	3.1126	0.7272	0.2341	5.0000	0.7315	0.0773	0.1402	0.5480	0.1124
Atmosphere	374	1.0000	0.7118	1.1904	3.1019	0.4027	0.3801	3.0000	0.3704	0.0366	0.3016	0.3350	0.2655
Atmosphere	375	1.0000	0.5443	1.2199	2.7238	0.2994	0.2123	5.0000	0.9683	0.1171	0.2097	0.5710	0.0486
Atmosphere	376	1.0000	0.8744	1.1772	3.0419	0.4502	0.5432	0.0000	0.2773	0.2739	0.1195	0.6353	0.2203
Atmosphere	377	1.0000	0.6863	2.2320	3.3008	0.7182	0.3294	12.0000	0.9758	0.3248	0.6369	0.5646	0.0001
Atmosphere	378	1.0000	0.6697	1.4432	3.4401	0.1826	0.3165	7.0000	0.4830	0.0958	0.3957	0.6063	0.1712
Atmosphere	379	1.0000	0.4901	1.3801	2.0884	0.5051	0.1998	3.0000	0.9025	0.3220	0.1807	0.5169	0.0852
Atmosphere	380	1.0000	0.6162	0.8605	2.2492	0.5139	0.3987	12.0000	0.4249	0.1152	0.4082	0.4313	0.2175
Atmosphere	381	1.0000	0.5226	1.3924	4.1657	0.5046	0.5694	10.0000	0.2200	0.2589	0.5272	0.6080	0.1036
Atmosphere	382	1.0000	0.5329	2.1975	1.8018	0.5197	0.5018	3.0000	0.8261	0.1663	0.1011	0.7830	0.1278
Atmosphere	383	1.0000	0.7389	1.0055	2.4917	0.5962	0.5002	7.0000	0.8246	0.3128	0.6372	0.5460	0.0374
Atmosphere	384	1.0000	0.4751	1.1834	2.1219	0.3354	0.1747	-12.0000	0.9757	0.4023	0.0845	0.6046	0.0166
Atmosphere	385	1.0000	0.5254	1.7317	3.2242	0.1916	0.2132	0.0000	0.8534	0.2786	0.4427	0.8676	0.0069
Atmosphere	386	1.0000	0.4673	2.0797	2.3249	0.4174	0.4448	-12.0000	0.3113	0.2481	0.0638	0.7546	0.2361
Atmosphere	387	1.0000	0.3630	1.6983	3.8542	0.4554	0.3762	10.0000	0.9959	0.1058	0.3278	0.7583	0.0982
Atmosphere	388	1.0000	0.7749	1.9112	3.5760	0.6422	0.2921	10.0000	0.7947	0.2444	0.6150	0.3059	0.0996
Atmosphere	389	1.0000	0.7797	1.7060	2.8928	0.6738	0.4170	7.0000	0.4227	0.1288	0.6430	0.7557	0.0603
Atmosphere	390	1.0000	0.4612	1.6002	2.1224	0.2227	0.5375	12.0000	0.4860	0.0404	0.2678	0.8517	0.1776
Atmosphere	391	1.0000	0.7923	1.9282	3.8230	0.6031	0.3281	5.0000	0.7868	0.3539	0.1216	0.7516	0.1676
Atmosphere	392	1.0000	0.8424	1.8590	3.3551	0.7316	0.5626	-12.0000	0.8647	0.3314	0.3201	0.4571	0.1033
Atmosphere	393	1.0000	0.6236	1.5050	3.2013	0.1872	0.2144	10.0000	0.6941	0.2627	0.1440	0.6458	0.1208
Atmosphere	394	1.0000	0.7303	2.2832	4.1922	0.5635	0.1909	7.0000	0.5467	0.0511	0.3665	0.6713	0.0457
Atmosphere	395	1.0000	0.4391	2.2574	3.1674	0.3711	0.5662	3.0000	0.6604	0.2064	0.4889	0.7678	0.0029
Atmosphere	396	1.0000	0.4860	2.3169	3.1378	0.6731	0.1529	0.0000	0.3305	0.3567	0.0604	0.3393	0.0171
Atmosphere	397	1.0000	0.7029	1.2463	3.6182	0.5325	0.4684	7.0000	0.9875	0.2412	0.1466	0.5070	0.0746
Atmosphere	398	1.0000	0.8383	0.8229	3.8716	0.5438	0.5046	0.0000	0.4564	0.3400	0.5642	0.6256	0.0327
Atmosphere	399	1.0000	0.8914	1.8168	3.8417	0.2898	0.5068	-12.0000	0.4801	0.2838	0.2608	0.4275	0.0117
Atmosphere	400	1.0000	0.7303	1.8117	3.3496	0.4590	0.4146	0.0000	0.2919	0.1474	0.4703	0.6092	0.0096
Atmosphere	401	1.0000	0.5847	1.8080	4.1163	0.5617	0.2664	12.0000	0.7398	0.2723	0.4938	0.7402	0.2046
Atmosphere	402	1.0000	0.4940	1.0783	2.8922	0.5644	0.4661	7.0000	0.6573	0.2322	0.3411	0.8955	0.0094
Atmosphere	403	1.0000	0.8187	0.8260	3.3107	0.3898	0.2849	7.0000	0.3338	0.0783	0.4243	0.7278	0.0417
Atmosphere	404	1.0000	0.6301	2.2396	1.8366	0.1524	0.1821	10.0000	0.2551	0.4135	0.2617	0.4295	0.2379
Atmosphere	405	1.0000	0.7896	2.1839	3.9556	0.1557	0.1115	5.0000	0.9138	0.0924	0.1626	0.3983	0.0716
Atmosphere	406	1.0000	0.8160	1.4746	1.9059	0.5390	0.3589	3.0000	0.5711	0.1096	0.5639	0.3997	0.1843
Atmosphere	407	1.0000	0.5349	1.7312	2.9362	0.3460	0.2832	5.0000	0.6929	0.2288	0.4878	0.3114	0.3052
Atmosphere	408	1.0000	0.4195	2.1723	1.8506	0.2559	0.2106	-12.0000	0.9939	0.0940	0.5220	0.4092	0.0000
Atmosphere	409	1.0000	0.3721	1.0455	2.3141	0.6757	0.3078	10.0000	0.6602	0.2514	0.3438	0.6824	0.0310
Atmosphere	410	1.0000	0.5613	1.8563	1.8598	0.6632	0.5817	10.0000	0.2432	0.1061	0.5202	0.6800	0.0002
Atmosphere	411	1.0000	0.6019	1.0952	3.2610	0.2497	0.1468	12.0000	0.5253	0.2631	0.6420	0.4386	0.2121
Atmosphere	412	1.0000	0.3634	0.9840	3.6957	0.4719	0.5600	-12.0000	0.2663	0.0319	0.5299	0.8457	0.1437
Atmosphere	413	1.0000	0.6273	1.9908	3.8715	0.7450	0.2887	5.0000	0.4501	0.2269	0.6333	0.3442	0.1843
Atmosphere	414	1.0000	0.6960	1.4334	2.7778	0.7236	0.5352	-12.0000	0.6354	0.3863	0.3995	0.4143	0.1165
Atmosphere	415	1.0000	0.8576	1.5702	3.5045	0.5303	0.5771	7.0000	0.8582	0.0625	0.2213	0.3640	0.0095
Atmosphere	416	1.0000	0.6455	1.9500	1.8650	0.4648	0.4744	3.0000	0.8884	0.2856	0.0905	0.8005	0.0208
Atmosphere	417	1.0000	0.7232	1.4886	3.9376	0.2542	0.3640	-12.0000	0.6477	0.1179	0.5102	0.3438	0.0437
Atmosphere	418	1.0000	0.8260	1.1723	3.4549	0.6349	0.1783	10.0000	0.5505	0.2753	0.5438	0.3378	0.0397
Atmosphere	419	1.0000	0.6241	1.4667	3.9991	0.2740	0.5824	-12.0000	0.4985	0.1626	0.2328	0.5809	0.0655
Atmosphere	420	1.0000	0.4126	0.9776	3.8302	0.7459	0.2008	3.0000	0.9535	0.1463	0.6393	0.3258	0.0048
Atmosphere	421	1.0000	0.7575	0.8958	1.8653	0.3349	0.5929	0.0000	0.6704	0.2790	0.3597	0.5765	0.0218
Atmosphere	422	1.0000	0.8358	1.5131	4.1532	0.6913	0.2796	10.0000	0.6483	0.0332	0.5029	0.6372	0.1959
Atmosphere	423	1.0000	0.4182	1.6429	2.6097	0.1919	0.1854	3.0000	0.6142	0.0529	0.0653	0.5851	0.1533
Atmosphere	424	1.0000	0.8352	1.4276	2.7025	0.6898	0.3339	12.0000	0.6864	0.0830	0.2774	0.4861	0.0088
Atmosphere	425	1.0000	0.8059	1.3841	3.1148	0.5093	0.3869	5.0000	0.7552	0.2061	0.4598	0.6245	0.2315
Atmosphere	426	1.0000	0.5142	0.8449	2.2328	0.3903	0.5197	-12.0000	0.4234	0.3451	0.4494	0.6256	0.0918
Atmosphere	427	1.0000	0.5677	0.8802	2.6451	0.2348	0.4140	-12.0000	0.8076	0.3497	0.5576	0.5157	0.0419
Atmosphere	428	1.0000	0.4642	1.0053	2.8323	0.1549	0.3297	7.0000	0.2043	0.2027	0.5382	0.6739	0.2506
Atmosphere	429	1.0000	0.6192	1.1929	3.3369	0.3704	0.3013	12.0000	0.3706	0.1798	0.5138	0.7975	0.0245
Atmosphere	430	1.0000	0.8372	1.4446	3.1730	0.2160	0.5284	12.0000	0.5974	0.3089	0.1940	0.8256	0.0141
Atmosphere	431	1.0000	0.6195	2.2571	3.0467	0.6207	0.4521	10.0000	0.5116	0.2526	0.4660	0.5167	0.0018
Atmosphere	432	1.0000	0.5418	0.8913	3.1686	0.5862	0.3563	10.0000	0.6256	0.3701	0.5140	0.5044	0.2476
Atmosphere	433	1.0000	0.4991	1.2198	4.0438	0.4868	0.2692	5.0000	0.9950	0.0869	0.4406	0.4704	0.0313
Atmosphere	434	1.0000	0.8053	2.0374	2.8862	0.3398	0.4492	5.0000	0.2309	0.0313	0.5542	0.7217	0.3352
Atmosphere	435	1.0000	0.8391	1.0066	3.1486	0.6165	0.4431	10.0000	0.3739	0.3224	0.3742	0.6330	0.2882
Atmosphere	436	1.0000	0.4779	0.8966	2.9943	0.3495	0.1082	10.0000	0.6777	0.1204	0.3846	0.4784	0.0880
Atmosphere	437	1.0000	0.8169	1.4963	3.4061	0.6575	0.3536	12.0000	0.4514	0.4048	0.1332	0.8559	0.0812
Atmosphere	438	1.0000	0.6099	1.1659	4.0481	0.1507	0.1879	5.0000	0.6593	0.2971	0.5025	0.5471	0.0980
Atmosphere	439	1.0000	0.7920	1.9478	3.9270	0.2278	0.2383	12.0000	0.8504	0.3691	0.1753	0.5468	0.0122
Atmosphere	440	1.0000	0.8447	1.5752	4.0450	0.7097	0.4584	-12.0000	0.4071	0.1439	0.0761	0.3920	0.0875
Atmosphere	441	1.0000	0.5579	1.6558	3.0990	0.2642	0.5395	0.0000	0.7553	0.3481	0.3922	0.7470	0.1344
Atmosphere	442	1.0000	0.6557	0.9968	2.2124	0.5502	0.4358	7.0000	0.4951	0.3335	0.0838	0.8085	0.2526
Atmosphere	443	1.0000	0.7128	1.6813	3.9482	0.6660	0.5927	0.0000	0.3805	0.3487	0.3021	0.4525	0.2946
Atmosphere	444	1.0000	0.6996	1.9361	2.2627	0.6208	0.2325	3.0000	0.7289	0.2816	0.1802	0.3411	0.1069
Atmosphere	445	1.0000	0.4003	1.1573	3.9273	0.2246	0.4370	12.0000	0.7765	0.2376	0.4767	0.5842	0.1538
Atmosphere	446	1.0000	0.5888	1.4516	2.6527	0.5015	0.1124	3.0000	0.7414	0.1456	0.3749	0.8583	0.0442
Atmosphere	447	1.0000	0.4080	2.3816	3.6107	0.2263	0.5057	-12.0000	0.9688	0.1820	0.5608	0.5513	0.0173
Atmosphere	448	1.0000	0.4601	1.8684	4.0589	0.1628	0.4915	5.0000	0.9990	0.1387	0.6438	0.3390	0.2342
Atmosphere	449	1.0000	0.5687	1.7372	3.0667	0.6036	0.3313	-12.0000	0.3527	0.4297	0.2604	0.5484	0.0017
Atmosphere	450	1.0000	0.7193	0.9498	2.3197	0.6599	0.3048	0.0000	0.5190	0.3973	0.6382	0.6816	0.0614
Atmosphere	451	1.0000	0.5632	1.0026	2.8640	0.5622	0.3180	3.0000	0.3276	0.1355	0.3055	0.4765	0.0172
Atmosphere	452	1.0000	0.5243	1.6667	3.6437	0.5213	0.1742	3.0000	0.3226	0.3698	0.5568	0.8411	0.0075
Atmosphere	453	1.0000	0.7134	1.0054	2.3884	0.4803	0.2049	5.0000	0.6495	0.2824	0.4122	0.4634	0.1974
Atmosphere	454	1.0000	0.5132	1.1189	2.3585	0.3018	0.2225	7.0000	0.6052	0.0752	0.1478	0.7331	0.0117
Atmosphere	455	1.0000	0.5765	1.5390	2.8654	0.5192	0.2521	10.0000	0.6525	0.2965	0.3287	0.6838	0.0687
Atmosphere	456	1.0000	0.4735	1.4482	3.7425	0.3960	0.2648	5.0000	0.2527	0.2139	0.1102	0.6013	0.0044
Atmosphere	457	1.0000	0.6956	2.3516	3.9010	0.4614	0.1314	12.0000	0.2884	0.1013	0.0504	0.5065	0.0112
Atmosphere	458	1.0000	0.6290	2.2209	2.9106	0.3031	0.3989	10.0000	0.5786	0.2419	0.3713	0.5458	0.0220
Atmosphere	459	1.0000	0.4546	1.6407	3.4890	0.4476	0.3958	10.0000	0.4148	0.1594	0.1409	0.5263	0.2306
Atmosphere	460	1.0000	0.7606	1.7723	3.2580	0.4439	0.1100	12.0000	0.8035	0.2627	0.1651	0.5785	0.1823
Atmosphere	461	1.0000	0.7472	1.1973	2.1767	0.6363	0.4859	-12.0000	0.9120	0.2886	0.5291	0.4430	0.0895
Atmosphere	462	1.0000	0.5425	1.1382	3.2952	0.7465	0.2698	12.0000	0.8685	0.0649	0.2685	0.4589	0.0672
Atmosphere	463	1.0000	0.6927	1.1051	2.2384	0.2598	0.4211	5.0000	0.4703	0.1542	0.4500	0.5296	0.1912
Atmosphere	464	1.0000	0.4195	1.5351	1.8777	0.6599	0.2769	12.0000	0.7938	0.3479	0.0934	0.3949	0.2744
Atmosphere	465	1.0000	0.8139	1.5768	2.9604	0.3221	0.1791	12.0000	0.6394	0.1774	0.4788	0.8071	0.0817
Atmosphere	466	1.0000	0.8153	1.0538	3.5896	0.1737	0.5355	3.0000	0.6314	0.3557	0.0665	0.4716	0.3492
Atmosphere	467	1.0000	0.7236	1.3025	3.9360	0.2254	0.1577	-12.0000	0.3044	0.2055	0.1158	0.8541	0.0991
Atmosphere	468	1.0000	0.8598	1.8626	2.8153	0.4724	0.4562	5.0000	0.2463	0.0905	0.4889	0.4479	0.0158
Atmosphere	469	1.0000	0.5963	1.9010	3.5453	0.1812	0.5420	12.0000	0.7910	0.3302	0.2934	0.3615	0.0005
Atmosphere	470	1.0000	0.3796	1.5391	3.0627	0.6962	0.1091	0.0000	0.2048	0.3772	0.4583	0.6069	0.2296
Atmosphere	471	1.0000	0.5340	0.8462	2.6278	0.2846	0.1244	0.0000	0.4307	0.0539	0.3386	0.4921	0.0921
Atmosphere	472	1.0000	0.8843	0.8501	1.8023	0.6325	0.2423	-12.0000	0.2277	0.2673	0.2751	0.6721	0.2214
Atmosphere	473	1.0000	0.8615	1.8336	2.4833	0.5732	0.3451	-12.0000	0.3770	0.0454	0.4049	0.8370	0.0019
Atmosphere	474	1.0000	0.7580	1.1409	2.4755	0.3002	0.4681	0.0000	0.8090	0.2948	0.3014	0.6589	0.2222
Atmosphere	475	1.0000	0.8366	1.0203	2.7907	0.5114	0.4862	3.0000	0.5380	0.3152	0.5569	0.6594	0.0000
Atmosphere	476	1.0000	0.7861	1.5409	3.1856	0.7319	0.1791	3.0000	0.6480	0.0835	0.5717	0.8188	0.0660
Atmosphere	477	1.0000	0.7733	1.0978	3.2160	0.6176	0.5822	3.0000	0.6813	0.2595	0.0569	0.4455	0.0340
Atmosphere	478	1.0000	0.4145	1.5273	3.1471	0.1709	0.2007	-12.0000	0.2065	0.1312	0.3948	0.5787	0.1190
Atmosphere	479	1.0000	0.8308	1.9403	3.4654	0.3935	0.1124	-12.0000	0.6575	0.3955	0.4194	0.7072	0.2981
Atmosphere	480	1.0000	0.3946	1.6003	2.7732	0.3082	0.4240	10.0000	0.7448	0.1215	0.3433	0.6366	0.3142
Atmosphere	481	1.0000	0.6229	2.3585	2.7584	0.4014	0.5733	-12.0000	0.4933	0.1177	0.4921	0.7187	0.0688
Atmosphere	482	1.0000	0.7466	1.6661	2.3410	0.7437	0.4682	5.0000	0.3356	0.1663	0.1320	0.4768	0.0294
Atmosphere	483	1.0000	0.8780	1.2944	3.0102	0.5078	0.2462	3.0000	0.7588	0.0586	0.3985	0.3860	0.0051
Atmosphere	484	1.0000	0.6071	1.7655	2.1858	0.4831	0.3758	3.0000	0.8467	0.2953	0.5391	0.3659	0.0674
Atmosphere	485	1.0000	0.7751	1.6574	3.0118	0.1752	0.5919	3.0000	0.5423	0.0522	0.2022	0.8906	0.0734
Atmosphere	486	1.0000	0.4621	1.4222	3.6015	0.1547	0.5738	7.0000	0.8479	0.2891	0.5215	0.7399	0.0108
Atmosphere	487	1.0000	0.6553	1.1760	3.3920	0.3331	0.1685	0.0000	0.9581	0.1026	0.2715	0.7151	0.0029
Atmosphere	488	1.0000	0.7459	2.1067	2.4192	0.6833	0.5086	5.0000	0.8717	0.0742	0.0641	0.6033	0.1150
Atmosphere	489	1.0000	0.6465	1.6495	2.0834	0.2490	0.4813	10.0000	0.3493	0.4284	0.1440	0.4007	0.0205
Atmosphere	490	1.0000	0.4697	2.0535	2.6735	0.6623	0.2571	-12.0000	0.8148	0.1967	0.2574	0.4658	0.1558
Atmosphere	491	1.0000	0.4347	1.7667	1.8361	0.4613	0.3860	3.0000	0.7945	0.1725	0.5609	0.3140	0.0236
Atmosphere	492	1.0000	0.4159	1.7608	3.8558	0.1748	0.4391	7.0000	0.6595	0.0339	0.4260	0.6582	0.0004
Atmosphere	493	1.0000	0.7282	1.6124	2.2015	0.5296	0.5246	3.0000	0.9280	0.3921	0.3760	0.8758	0.0086
Atmosphere	494	1.0000	0.5907	1.9200	3.3898	0.6708	0.5236	5.0000	0.3573	0.3217	0.1199	0.3792	0.0333
Atmosphere	495	1.0000	0.4439	2.3570	2.8104	0.2540	0.1926	3.0000	0.7040	0.1343	0.1824	0.8040	0.0047
Atmosphere	496	1.0000	0.7411	1.4839	2.2250	0.1759	0.5584	7.0000	0.5595	0.1569	0.5394	0.5045	0.3268
Atmosphere	497	1.0000	0.5023	1.3021	2.9668	0.2937	0.3412	10.0000	0.9304	0.2227	0.4928	0.5174	0.0143
Atmosphere	498	1.0000	0.5230	0.9426	4.1596	0.5778	0.4617	3.0000	0.4551	0.3004	0.2175	0.7706	0.2639
Atmosphere	499	1.0000	0.5603	1.3069	3.6608	0.3346	0.3305	7.0000	0.9641	0.3354	0.5402	0.8990	0.0641
Atmosphere	500	1.0000	0.4203	1.4425	2.6473	0.6622	0.1927	-12.0000	0.7001	0.0655	0.0963	0.6100	0.0976
Atmosphere	501	1.0000	0.4295	2.1615	1.8994	0.3889	0.5384	10.0000	0.9483	0.1261	0.1856	0.3237	0.1638
Atmosphere	502	1.0000	0.7222	1.1410	2.0464	0.3935	0.1824	10.0000	0.5402	0.3683	0.6416	0.7724	0.0234
Atmosphere	503	1.0000	0.6901	1.4854	3.1106	0.3559	0.2566	0.0000	0.2177	0.3143	0.1506	0.4733	0.1970
Atmosphere	504	1.0000	0.5118	1.2159	2.8020	0.7450	0.1255	10.0000	0.5328	0.1269	0.1658	0.6163	0.0196
Atmosphere	505	1.0000	0.4634	1.4973	2.5644	0.3752	0.4425	3.0000	0.2241	0.4020	0.6061	0.7391	0.3227
Atmosphere	506	1.0000	0.4328	0.8002	2.3528	0.4808	0.3337	5.0000	0.3134	0.3457	0.3501	0.4394	0.0455
Atmosphere	507	1.0000	0.5959	1.8666	2.7009	0.3508	0.5709	0.0000	0.7471	0.0870	0.0942	0.3352	0.2163
Atmosphere	508	1.0000	0.8476	0.9731	3.6416	0.1669	0.1242	10.0000	0.4684	0.2686	0.2231	0.3701	0.1184
Atmosphere	509	1.0000	0.6672	1.2817	4.0656	0.3188	0.1641	12.0000	0.2007	0.1503	0.5384	0.8430	0.0922
Atmosphere	510	1.0000	0.8047	1.5380	3.9861	0.6447	0.4865	10.0000	0.7703	0.1026	0.3758	0.3415	0.3273
Atmosphere	511	1.0000	0.4754	1.4903	2.8470	0.2241	0.3870	5.0000	0.2564	0.0780	0.4939	0.5127	0.0472
Atmosphere	512	1.0000	0.7956	1.1985	2.3233	0.2861	0.2479	5.0000	0.8380	0.0715	0.0762	0.3516	0.1781
